Portiere,SQUIZZI,Chievo,ITALY,67,58,70,69,38,4,40,84,52,53,52,Portiere,73,false,76,81,80,4,75,78,77,78,76,3520864
Portiere,PUGGIONI,Chievo,ITALY,67,60,70,76,31,6,40,84,50,50,52,Portiere,67,false,83,82,83,4,81,79,81,79,83,12719441
Portiere,UJKANI,Chievo,ALBANIA,69,61,73,76,24,7,40,85,53,51,55,Portiere,82,false,76,81,80,3,83,78,81,78,76,3426280
Portiere,ABBIATI,Milan,ITALY,66,57,73,80,35,6,45,93,53,54,55,Portiere,82,false,80,80,87,4,90,75,87,75,80,6814854
Portiere,AMELIA,Milan,ITALY,68,60,69,75,30,6,40,86,50,58,61,Portiere,83,false,86,84,86,4,85,80,86,80,86,14379348
Portiere,GABRIEL,Milan,BRAZIL,68,56,68,75,20,6,43,84,55,58,63,Portiere,77,false,83,75,82,4,78,81,78,81,83,8168037
Portiere,FARELLI,Siena,ITALY,66,58,67,72,29,5,40,80,49,51,53,Portiere,76,false,75,79,80,4,78,81,76,81,75,2977507
Portiere,PEGOLO,Siena,ITALY,69,63,72,78,31,6,40,89,49,49,51,Portiere,83,false,81,83,80,3,83,80,82,80,81,6846047
Portiere,MARINI,Siena,ITALY,65,52,67,73,18,4,40,76,51,52,59,Portiere,73,false,81,76,77,5,75,75,75,75,81,8309528
Portiere,LOBONT,Roma,ROMANIA,66,60,70,68,34,4,45,88,53,56,61,Portiere,65,false,74,78,80,4,84,81,84,81,74,2525992
Portiere,STEKELENBURG,Roma,NETHERLANDS,67,63,67,74,30,6,48,87,56,60,58,Portiere,83,false,81,78,85,5,89,80,86,80,81,6143414
Portiere,JÚLIOSÉRGIO,Roma,BRAZIL,72,61,73,76,33,6,45,86,56,58,63,Portiere,71,false,82,78,82,3,83,77,82,77,82,6926271
Portiere,VEDKAUSKAS,Roma,LITHUANIA,68,54,65,83,18,7,40,77,52,50,52,Portiere,83,false,74,77,81,5,74,77,75,77,74,2493561
Portiere,M.GOICOECHEA,Roma,URUGUAY,71,61,71,70,24,4,40,79,59,61,58,Portiere,66,false,75,81,80,4,83,83,82,83,75,2955799
Portiere,LUPATELLI,Fiorentina,ITALY,70,58,78,71,34,3,40,85,52,57,64,Portiere,67,false,75,82,78,4,80,79,80,79,75,3015462
Portiere,VIVIANO,Fiorentina,ITALY,70,64,70,73,26,6,45,88,56,56,55,Portiere,75,false,78,82,86,3,88,78,90,78,78,4264942
Portiere,NETOACF,Fiorentina,BRAZIL,69,60,76,79,23,7,40,87,59,53,56,Portiere,79,false,77,79,81,4,82,77,85,77,77,3846416
Portiere,LEZZERINI,Fiorentina,ITALY,66,59,64,76,17,6,40,83,52,50,49,Portiere,77,false,76,79,82,4,75,75,76,75,76,3344136
Portiere,FREZZOLINI,Atalanta,ITALY,62,58,68,78,36,6,40,84,50,49,52,Portiere,82,false,79,74,83,5,79,80,78,80,79,4831695
Portiere,CONSIGLI,Atalanta,ITALY,66,62,70,72,25,5,40,86,55,52,55,Portiere,75,false,82,82,83,4,85,76,85,76,82,6939901
Portiere,POLITO,Atalanta,ITALY,66,61,66,71,33,4,42,84,49,48,57,Portiere,72,false,76,83,80,4,81,76,79,76,76,3274570
Portiere,AGLIARDI,Bologna,ITALY,66,58,77,73,29,6,40,84,42,48,57,Portiere,78,false,80,85,83,4,79,74,82,74,80,5466995
Portiere,CURCI,Bologna,ITALY,67,62,73,73,27,6,42,87,56,58,65,Portiere,78,false,82,79,85,4,83,81,84,81,82,6735315
Portiere,F.LOMBARDI,Bologna,ITALY,68,57,75,66,22,5,40,78,60,56,56,Portiere,71,false,78,76,79,4,75,76,75,76,78,4264942
Portiere,STOJANOVIC,Bologna,FYROM,65,56,63,71,19,6,40,78,52,51,49,Portiere,77,false,76,78,83,4,75,75,77,75,76,6033516
Portiere,AVRAMOV,Cagliari,SERBIA,64,62,63,73,33,5,45,84,52,53,55,Portiere,66,false,73,76,85,2,77,80,80,80,73,2190191
Portiere,AGAZZI,Cagliari,ITALY,68,64,70,71,28,5,45,89,49,49,58,Portiere,69,false,79,81,82,5,83,77,82,77,79,4822140
Portiere,ANEDDA,Cagliari,ITALY,70,53,69,65,19,4,40,77,50,52,51,Portiere,65,false,74,76,79,4,73,75,74,75,74,2888596
Portiere,ANDUJAR,Catania,ARGENTINA,63,62,63,70,29,4,40,84,50,54,49,Portiere,67,false,70,72,88,3,84,81,84,81,70,1332189
Portiere,FRISON,Catania,ITALY,65,55,60,76,24,6,42,81,53,52,52,Portiere,80,false,77,77,77,4,71,74,77,74,77,3744123
Portiere,TERRACCIANO,Catania,ITALY,65,56,65,72,22,5,40,76,46,47,53,Portiere,69,false,74,77,81,4,74,75,75,75,74,2502828
Portiere,FREY,Genoa,FRANCE,67,60,68,69,32,5,45,95,52,55,65,Portiere,76,false,80,82,86,3,86,75,92,75,80,5553538
Portiere,TZORVAS,Genoa,GREECE,68,60,71,65,30,3,45,86,56,57,57,Portiere,65,false,62,76,81,2,83,79,82,79,62,667
Portiere,STILLO,Genoa,CANADA,69,55,66,75,21,4,40,78,53,51,56,Portiere,67,false,65,77,81,4,74,76,74,76,65,700
Portiere,A.DONNARUMMA,Genoa,ITALY,66,56,65,72,22,5,40,79,52,50,52,Portiere,72,false,72,76,84,4,75,77,75,77,72,1849505
Portiere,CASTELLAZZI,Inter,ITALY,69,60,67,68,37,4,45,87,53,57,56,Portiere,65,false,72,75,85,4,85,72,85,72,72,1849505
Portiere,CARRIZO,Inter,ARGENTINA,70,61,67,68,28,5,45,86,57,58,59,Portiere,69,false,77,79,82,4,76,75,82,75,77,3744123
Portiere,S.HANDANOVIC,Inter,SLOVENIA,70,65,73,65,28,3,45,95,48,46,58,Portiere,66,false,61,70,86,5,94,76,95,76,61,656
Portiere,BELEC,Inter,SLOVENIA,64,62,66,73,22,5,45,82,54,58,65,Portiere,71,false,76,75,84,4,78,76,78,76,76,3671448
Portiere,DIGENNARO,Inter,ITALY,68,62,68,66,18,4,40,83,51,50,49,Portiere,68,false,80,81,81,4,76,76,78,76,80,5423707
Portiere,BUFFON,Juventus,ITALY,73,62,75,78,34,5,45,96,62,62,63,Portiere,73,false,72,86,87,4,98,78,98,78,72,1862713
Portiere,STORARI,Juventus,ITALY,73,59,74,70,35,6,40,94,50,52,58,Portiere,76,false,77,85,81,4,86,78,85,78,77,3773356
Portiere,RUBINHO,Juventus,BRAZIL,73,56,68,77,30,7,43,85,58,58,58,Portiere,84,false,71,77,83,4,82,77,83,77,71,1609307
Portiere,BRANESCU,Juventus,ROMANIA,69,58,69,66,18,4,40,78,51,51,51,Portiere,70,false,65,80,82,4,76,76,77,76,65,70127
Portiere,MIRANTE,Parma,ITALY,66,63,69,75,29,6,45,86,53,53,56,Portiere,75,false,75,82,83,4,84,77,86,77,75,2874330
Portiere,PAVARINI,Parma,ITALY,66,60,70,72,38,5,40,84,53,52,55,Portiere,72,false,68,79,82,4,81,84,80,84,68,990562
Portiere,BAJZA,Parma,SLOVAKIA,69,53,70,71,21,5,40,79,51,49,52,Portiere,71,false,71,76,82,4,75,77,76,77,71,1556709
Portiere,PELLIZZOLI,Pescara,ITALY,68,59,68,79,31,6,41,87,50,55,65,Portiere,78,false,72,75,87,4,79,82,81,82,72,1829687
Portiere,PERIN,Pescara,ITALY,74,63,78,66,19,4,45,92,57,58,59,Portiere,63,false,79,79,78,5,84,79,82,79,79,4841252
Portiere,SAVELLONI,Pescara,ITALY,69,53,70,72,17,6,40,79,53,52,60,Portiere,68,false,83,78,80,5,74,76,76,76,83,8152955
Portiere,FALSO,Pescara,ITALY,66,59,69,65,18,5,40,78,50,47,49,Portiere,70,false,69,76,81,4,73,73,74,73,69,1134722
Portiere,BIZZARRI,Lazio,ARGENTINA,66,60,70,73,34,6,42,86,56,58,56,Portiere,72,false,76,80,80,4,76,78,84,78,76,3287219
Portiere,MARCHETTI,Lazio,ITALY,72,62,77,70,29,5,45,91,55,55,57,Portiere,69,false,72,82,82,3,88,84,85,84,72,1823081
Portiere,DESANCTIS,Napoli,ITALY,64,62,80,67,35,4,45,90,52,58,60,Portiere,66,false,73,83,86,4,88,79,87,79,73,2143116
Portiere,ROSATI,Napoli,ITALY,65,62,62,72,29,4,40,83,54,56,57,Portiere,78,false,70,80,87,3,80,77,82,77,70,1329868
Portiere,R.COLOMBO,Napoli,ITALY,64,60,69,66,37,4,45,82,56,53,50,Portiere,67,false,68,77,80,3,77,79,77,79,68,993906
Portiere,F.COPPOLA,Torino,ITALY,65,60,68,70,34,5,40,86,59,59,62,Portiere,67,false,72,81,83,4,80,80,81,80,72,1829687
Portiere,GILLET,Torino,BELGIUM,70,63,73,67,33,4,40,90,58,56,58,Portiere,66,false,71,81,82,4,85,80,86,80,71,1598240
Portiere,A.GOMIS,Torino,ITALY,70,55,70,69,19,6,40,81,55,53,60,Portiere,72,false,71,83,82,5,74,76,75,76,71,1570555
Portiere,BERNI,Sampdoria,ITALY,67,56,70,76,29,6,52,83,57,53,55,Portiere,78,false,76,77,80,4,80,74,79,74,76,3274570
Portiere,S.ROMERO,Sampdoria,ARGENTINA,73,62,70,73,25,6,45,92,58,63,60,Portiere,76,false,77,86,85,4,84,82,82,82,77,3736815
Portiere,A.DACOSTA,Sampdoria,BRAZIL,67,61,67,69,28,5,40,83,53,55,60,Portiere,67,false,67,80,82,4,80,76,81,76,67,85509
Portiere,W.FALCONE,Sampdoria,ITALY,66,54,65,67,17,4,40,76,52,50,49,Portiere,65,false,72,74,82,4,73,75,74,75,72,1836293
Portiere,SORRENTINO,Palermo,ITALY,70,63,72,64,33,3,40,88,59,59,59,Portiere,66,false,69,81,83,3,87,78,87,78,69,1136678
Portiere,BENUSSI,Palermo,ITALY,73,58,75,72,30,5,45,85,52,60,62,Portiere,67,false,64,76,80,4,80,81,79,81,64,694038
Portiere,BRICHETTO,Palermo,ITALY,67,59,68,74,29,5,40,81,52,52,56,Portiere,78,false,72,78,83,4,77,76,80,76,72,1826384
Portiere,PADELLI,Udinese,ITALY,65,63,70,65,26,4,45,86,53,53,63,Portiere,63,false,72,78,83,3,82,81,81,81,72,1826384
Portiere,BRKIC,Udinese,SERBIA,65,60,67,78,26,7,40,84,50,53,56,Portiere,86,false,80,77,88,3,83,77,82,77,80,6102169
Portiere,W.PAWLOWSKI,Udinese,POLAND,67,61,66,83,19,6,40,83,52,52,55,Portiere,83,false,73,78,86,4,82,80,78,73,73,3274570
Difensore,CESAR,Chievo,SLOVENIA,75,79,72,78,30,7,62,78,69,77,75,Difensore,72,false,86,72,70,79,78,78,77,78,78,53,85,74,13025874
Difensore,ANDREOLLI,Chievo,ITALY,76,80,73,75,26,7,63,78,71,70,71,Difensore,88,false,87,71,69,75,76,76,76,81,82,52,83,75,12565365
Difensore,PAPP,Chievo,ROMANIA,75,78,67,68,22,4,56,73,68,67,68,Difensore,69,false,77,69,65,81,72,72,73,80,75,57,83,74,3736815
Difensore,ACERBI,Chievo,ITALY,77,80,70,79,24,5,66,82,73,73,75,Difensore,77,false,82,73,72,77,85,85,79,83,82,55,85,76,7320586
Difensore,FARKA,Chievo,SLOVAKIA,73,77,72,70,27,6,62,73,70,69,70,Difensore,78,false,74,70,68,78,77,77,74,78,75,53,83,72,2512094
Difensore,YÉPES,Milan,COLOMBIA,73,75,67,76,36,6,70,77,72,69,75,Difensore,75,false,82,77,68,80,78,78,77,83,85,59,81,77,8424554
Difensore,BONERA,Milan,ITALY,76,78,74,68,31,4,63,80,69,68,75,Difensore,67,false,67,70,75,76,75,75,73,77,83,53,83,74,855
Difensore,MEXÉS,Milan,FRANCE,68,76,67,69,30,5,62,85,74,75,76,Difensore,69,false,72,75,70,83,73,73,74,85,86,57,84,78,2014017
Difensore,ZACCARDO,Milan,ITALY,75,80,76,67,30,5,72,77,72,68,72,Difensore,66,false,82,70,72,76,75,75,75,82,78,64,79,76,7818630
Difensore,CRISTIANZAPATA,Milan,COLOMBIA,84,80,78,62,26,3,61,79,65,66,75,Difensore,60,false,62,68,70,75,79,79,72,81,84,55,85,76,667
Difensore,SALAMON,Milan,POLAND,76,80,75,72,21,6,73,80,75,75,76,Difensore,78,false,81,76,70,79,81,81,78,78,75,65,82,75,6045942
Difensore,TERZI,Siena,ITALY,75,79,75,71,28,5,65,80,68,69,73,Difensore,71,false,74,69,69,78,75,75,73,80,79,53,78,73,2498195
Difensore,FELIPE,Siena,BRAZIL,78,78,75,73,28,5,62,82,75,73,75,Difensore,70,false,82,76,72,78,74,74,76,81,78,56,82,74,7076103
Difensore,TERLIZZI,Siena,ITALY,73,77,67,68,32,5,55,77,65,66,73,Difensore,73,false,76,66,64,79,75,75,73,77,77,56,87,74,3394699
Difensore,PACI,Siena,ITALY,71,77,73,68,34,4,62,77,69,67,70,Difensore,63,false,74,70,66,76,75,75,73,78,80,51,82,73,2512094
Difensore,BELMONTE,Siena,ITALY,76,80,74,65,25,3,66,76,72,70,72,Difensore,65,false,67,70,75,73,75,75,73,75,76,56,77,71,867
Difensore,MATHEU,Siena,ARGENTINA,73,77,72,70,27,5,54,70,67,66,65,Difensore,72,false,68,70,67,80,74,74,72,77,75,56,81,72,981
Difensore,JORGETEIXEIRA,Siena,PORTUGAL,72,78,72,67,26,4,63,78,73,69,73,Difensore,68,false,70,70,70,80,76,76,74,81,77,55,82,74,1360035
Difensore,BRUNOUVINI,Siena,BRAZIL,76,76,73,69,21,4,60,75,73,71,73,Difensore,68,false,72,73,68,78,81,81,76,75,75,53,82,71,1997655
Difensore,BURDISSO,Roma,ARGENTINA,76,81,76,66,31,3,64,82,68,69,75,Difensore,67,false,62,73,70,84,74,74,73,85,85,54,79,76,667
Difensore,LEANDROCASTÁN,Roma,BRAZIL,76,77,72,76,25,6,56,77,73,72,75,Difensore,78,false,76,69,75,78,77,77,75,77,84,56,83,75,3369422
Difensore,MARQUINHOS,Roma,BRAZIL,83,79,79,70,18,5,65,82,72,71,73,Difensore,70,false,76,72,73,75,78,78,75,84,79,53,82,75,3280894
Difensore,A.ROMAGNOLI,Roma,ITALY,72,77,71,77,17,6,63,76,69,66,65,Difensore,82,false,75,67,68,75,74,74,72,75,72,53,76,69,2890630
Difensore,GONZALO,Fiorentina,ARGENTINA,76,80,77,72,28,6,64,83,72,75,76,Difensore,68,false,75,75,67,79,75,75,74,84,84,60,82,78,2890630
Difensore,COMPPERACF,Fiorentina,GERMANY,81,78,74,73,27,5,63,67,74,67,68,Difensore,77,false,72,73,76,67,76,76,73,75,76,67,76,74,1823081
Difensore,RONCAGLIA,Fiorentina,ARGENTINA,78,84,80,73,25,5,69,85,74,71,76,Difensore,75,false,78,74,74,82,85,85,80,85,81,62,79,77,4239787
Difensore,M.CAMPORESE,Fiorentina,ITALY,73,78,72,72,20,6,65,77,72,74,73,Difensore,68,false,76,73,70,76,77,77,75,79,76,58,80,73,3337813
Difensore,S.SAVIC,Fiorentina,MONTENEGRO,75,81,73,72,21,6,62,78,72,73,76,Difensore,76,false,74,73,72,75,75,75,74,77,79,52,79,72,2470392
Difensore,A.HEGAZY,Fiorentina,EGYPT,71,78,65,73,21,5,63,77,71,68,70,Difensore,78,false,72,69,76,80,82,82,77,72,72,60,83,72,1823081
Difensore,CANINI,Atalanta,ITALY,76,80,73,64,27,6,63,75,72,66,70,Difensore,68,false,82,72,73,73,74,74,75,76,79,58,79,73,6830818
Difensore,LUCCHINI,Atalanta,ITALY,75,78,72,67,31,4,62,80,67,66,70,Difensore,73,false,76,67,72,72,75,75,73,79,79,50,83,73,3287219
Difensore,FERRI,Atalanta,ITALY,77,78,75,75,31,5,62,74,68,67,72,Difensore,73,false,73,70,75,78,76,76,75,80,74,61,82,74,2162735
Difensore,CONTINI,Atalanta,ITALY,76,79,73,73,32,6,60,77,68,68,70,Difensore,78,false,81,70,68,77,77,77,75,81,76,56,82,74,6119050
Difensore,CAPELLI,Atalanta,ITALY,72,77,72,81,26,6,62,75,67,66,70,Difensore,83,false,76,67,62,76,74,74,72,78,76,48,79,70,3337813
Difensore,STENDARDO,Atalanta,ITALY,70,76,70,68,31,5,53,74,65,64,69,Difensore,78,false,75,68,64,83,75,75,73,77,77,58,85,74,2858028
Difensore,NATALI,Bologna,ITALY,79,77,73,71,33,6,58,83,74,74,72,Difensore,76,false,79,74,70,73,74,74,74,83,83,54,86,77,4908130
Difensore,ANTONSSON,Bologna,SWEDEN,72,80,72,70,31,5,55,76,72,70,68,Difensore,79,false,71,70,65,80,79,79,74,77,78,52,86,73,1559478
Difensore,CHERUBIN,Bologna,ITALY,73,79,73,69,25,5,65,76,72,66,70,Difensore,73,false,77,69,73,76,77,77,75,81,77,56,81,74,3766048
Difensore,F.SØRENSEN,Bologna,DENMARK,72,78,67,73,20,5,63,76,69,69,71,Difensore,65,false,77,70,73,75,76,76,75,76,75,54,83,72,3736815
Difensore,ROGERCARVALHO,Bologna,BRAZIL,77,79,75,67,25,4,63,77,74,71,65,Difensore,66,false,73,71,71,75,78,78,74,79,74,53,78,71,2131344
Difensore,NALDO,Bologna,BRAZIL,77,75,73,67,24,5,55,73,71,72,70,Difensore,75,false,78,72,66,78,79,79,75,74,76,56,80,72,4516202
Difensore,RADAKOVIC,Bologna,SERBIA,71,75,71,67,18,5,62,71,71,67,66,Difensore,70,false,75,68,66,70,75,75,72,75,71,53,80,70,2961228
Difensore,ASTORI,Cagliari,ITALY,76,80,73,73,25,6,65,82,72,70,72,Difensore,75,false,78,72,69,78,76,76,75,82,84,52,84,76,4348779
Difensore,ROSSETTINI,Cagliari,ITALY,81,82,73,76,27,6,66,76,74,72,73,Difensore,82,false,76,73,76,71,79,79,76,74,78,65,83,75,3356780
Difensore,ARIAUDO,Cagliari,ITALY,73,78,73,73,23,5,68,75,76,70,70,Difensore,78,false,73,75,70,77,72,72,73,79,76,63,77,74,2182349
Difensore,MURRU,Cagliari,ITALY,76,78,73,73,17,4,62,73,69,66,65,Difensore,76,false,69,69,67,70,73,73,70,76,69,51,75,68,1142546
Difensore,DELFABRO,Cagliari,ITALY,73,78,72,75,17,5,63,75,70,67,68,Difensore,70,false,70,72,68,72,75,75,72,78,72,51,76,69,1327548
Difensore,LEGROTTAGLIE,Catania,ITALY,73,77,69,69,35,4,65,81,76,75,79,Difensore,69,false,69,75,69,85,74,74,74,86,83,56,85,78,1142546
Difensore,POTENZA,Catania,ITALY,79,80,72,76,28,6,58,74,69,66,73,Difensore,79,false,70,71,75,73,77,77,74,81,74,60,82,74,1339152
Difensore,MARCHESE,Catania,ITALY,78,83,76,71,27,4,69,76,75,71,75,Difensore,67,false,67,73,78,77,76,76,75,78,72,68,78,74,865
Difensore,AUGUSTYN,Catania,POLAND,71,76,68,67,24,6,56,75,67,68,72,Difensore,69,false,70,65,68,77,76,76,72,75,76,50,84,71,1366993
Difensore,BELLUSCI,Catania,ITALY,76,83,77,75,23,6,66,78,71,67,73,Difensore,73,false,83,69,73,75,75,75,75,83,77,62,81,76,7531612
Difensore,SPOLLI,Catania,ARGENTINA,74,78,70,68,29,5,50,80,66,67,77,Difensore,70,false,79,66,65,84,79,79,75,74,79,53,84,73,4889026
Difensore,A.ROLÍN,Catania,URUGUAY,78,79,75,78,23,6,61,76,72,67,63,Difensore,73,false,72,72,69,77,76,76,74,78,75,55,82,73,1832991
Difensore,BOVO,Genoa,ITALY,75,79,73,85,29,7,80,82,72,72,79,Difensore,83,false,75,74,65,82,85,85,78,83,80,58,82,76,3268510
Difensore,T.MANFREDINI,Genoa,ITALY,76,77,75,72,32,6,60,80,72,71,75,Difensore,65,false,82,70,76,73,73,73,75,78,80,60,78,74,6844457
Difensore,PORTANOVA,Genoa,ITALY,74,78,73,65,33,4,62,83,68,68,76,Difensore,66,false,78,71,69,83,77,77,76,81,81,57,85,76,4281713
Difensore,GRANQVIST,Genoa,SWEDEN,74,78,67,66,27,4,62,77,73,74,73,Difensore,68,false,60,71,75,79,80,80,74,73,79,61,88,75,645
Difensore,J.VELÁZQUEZ,Genoa,ARGENTINA,74,77,72,71,21,6,68,77,72,70,72,Difensore,72,false,78,70,73,79,80,80,77,81,77,60,83,75,4248172
Difensore,L.KRAJNC,Genoa,SLOVENIA,73,77,70,72,18,6,63,74,69,68,66,Difensore,79,false,73,71,70,73,73,73,72,76,68,52,82,70,2221547
Difensore,CHIVU,Inter,ROMANIA,73,78,74,73,31,6,87,80,79,82,86,Difensore,75,false,76,80,78,72,82,82,78,82,84,68,80,79,3287219
Difensore,SAMUEL,Inter,ARGENTINA,73,76,72,76,34,6,67,85,70,75,79,Difensore,79,false,73,78,64,87,79,79,77,85,89,53,88,79,2131344
Difensore,SILVESTRE,Inter,ARGENTINA,75,79,74,83,28,6,65,79,74,69,69,Difensore,76,false,77,73,76,85,78,78,78,82,82,60,82,77,4552210
Difensore,RANOCCHIA,Inter,ITALY,71,78,67,76,24,5,63,81,73,72,76,Difensore,79,false,78,72,70,83,76,76,76,79,86,53,83,75,4256557
Difensore,JUAN,Inter,BRAZIL,84,82,74,70,21,5,66,84,73,68,76,Difensore,69,false,77,73,76,78,83,83,78,83,84,56,86,77,3736815
Difensore,I.MBAYE,Inter,SENEGAL,81,76,75,70,17,4,65,73,73,66,68,Difensore,68,false,74,70,78,70,77,77,74,78,64,64,75,70,2484294
Difensore,BARZAGLI,Juventus,ITALY,78,79,75,67,31,4,66,82,73,73,76,Difensore,66,false,76,73,73,79,76,76,76,83,88,53,85,77,3280894
Difensore,CHIELLINI,Juventus,ITALY,83,82,76,66,28,4,70,88,73,70,82,Difensore,72,false,66,73,80,79,83,83,77,87,89,62,89,82,764
Difensore,BONUCCI,Juventus,ITALY,77,81,75,66,25,4,69,78,76,76,80,Difensore,66,false,70,76,74,80,79,79,76,83,88,55,82,77,1353075
Difensore,M.CÁCERES,Juventus,URUGUAY,83,85,81,73,25,6,60,86,75,69,75,Difensore,75,false,82,70,78,84,75,75,77,86,77,66,79,77,7021648
Difensore,A.LUCARELLI,Parma,ITALY,72,77,71,64,35,4,66,83,73,73,75,Difensore,66,false,72,74,69,78,83,83,77,81,80,56,79,74,1875918
Difensore,CODA,Parma,ITALY,72,77,71,75,27,5,62,76,69,68,72,Difensore,72,false,72,71,68,78,76,76,74,77,78,50,83,72,1839596
Difensore,PALETTA,Parma,ARGENTINA,74,79,73,65,26,4,60,79,68,69,67,Difensore,70,false,71,72,68,83,79,79,75,79,82,54,85,75,1556709
Difensore,BENALOUANE,Parma,TUNISIA,78,79,74,68,25,5,61,84,73,73,73,Difensore,73,false,74,70,75,70,80,80,75,82,76,50,83,73,2488927
Difensore,SANTACROCE,Parma,ITALY,85,79,82,72,26,4,65,83,70,65,73,Difensore,72,false,69,71,71,68,68,68,69,76,75,56,77,71,1138634
Difensore,E.MACEACHEN,Parma,URUGUAY,74,74,73,67,20,5,53,76,73,64,71,Difensore,76,false,72,67,65,77,78,78,73,71,68,54,76,67,1826384
Difensore,NICOLÁSB.ARCE,Pescara,ARGENTINA,73,79,73,66,25,4,61,78,70,71,68,Difensore,61,false,73,72,69,77,78,78,75,76,78,53,83,73,2147041
Difensore,U.COSIC,Pescara,SERBIA,73,77,70,66,19,4,61,73,71,66,70,Difensore,65,false,73,72,68,72,75,75,73,76,76,50,81,71,2127420
Difensore,M.CAPUANO,Pescara,ITALY,73,77,72,67,20,5,62,75,70,67,75,Difensore,69,false,72,69,72,72,76,76,73,76,75,51,77,70,1865600
Difensore,D.MBODJ,Pescara,SENEGAL,76,73,73,66,18,3,60,73,65,64,63,Difensore,65,false,69,66,68,70,75,75,71,79,68,52,80,70,1136678
Difensore,STANKEVICIUS,Lazio,LITHUANIA,77,81,68,67,31,5,68,74,73,73,77,Difensore,72,false,74,75,75,79,83,83,78,77,70,64,84,74,2512094
Difensore,BIAVA,Lazio,ITALY,75,78,76,85,35,6,63,82,70,69,75,Difensore,82,false,80,72,70,81,79,79,77,80,83,58,78,75,5909403
Difensore,CIANI,Lazio,FRANCE,72,75,66,69,28,6,58,76,66,67,65,Difensore,70,false,75,68,70,84,85,85,78,78,76,57,88,75,2868896
Difensore,ANDRÉDIAS,Lazio,BRAZIL,77,79,72,73,33,5,62,82,72,71,70,Difensore,78,false,73,73,73,83,78,78,76,83,84,57,85,77,2147041
Difensore,DIAKITÉ,Lazio,FRANCE,78,78,65,67,25,5,61,71,67,66,71,Difensore,70,false,68,69,72,76,74,74,72,85,74,56,86,75,992
Difensore,PAOLOCANNAVARO,Napoli,ITALY,79,80,76,76,31,6,65,82,74,70,77,Difensore,78,false,79,74,72,78,83,83,78,82,86,56,83,77,4908130
Difensore,GAMBERINI,Napoli,ITALY,80,78,77,75,31,7,61,81,70,72,78,Difensore,76,false,83,70,68,79,76,76,75,82,84,50,82,75,7835292
Difensore,RINAUDO,Napoli,ITALY,74,77,70,72,29,5,62,76,69,68,75,Difensore,70,false,78,69,69,80,76,76,75,75,77,58,84,74,4264942
Difensore,CAMPAGNARO,Napoli,ARGENTINA,79,80,76,73,32,6,65,84,73,72,76,Difensore,71,false,69,74,78,82,82,82,78,84,81,63,85,78,1183592
Difensore,ROLANDO,Napoli,PORTUGAL,83,78,73,67,27,6,55,79,77,78,73,Difensore,73,false,77,78,78,80,80,80,79,86,83,57,88,79,3809892
Difensore,M.BRITOS,Napoli,URUGUAY,72,79,72,72,27,5,65,80,72,68,72,Difensore,72,false,78,70,68,77,75,75,74,83,82,54,83,76,4256557
Difensore,DICESARE,Torino,ITALY,73,78,72,67,29,4,63,80,72,68,73,Difensore,71,false,67,72,72,75,75,75,73,81,77,52,83,73,873
Difensore,G.RODRÍGUEZ,Torino,URUGUAY,76,79,75,69,28,6,61,81,69,72,76,Difensore,78,false,72,71,67,75,76,76,73,79,80,53,83,74,1839596
Difensore,OGBONNA,Torino,ITALY,82,80,76,72,24,5,66,81,75,74,78,Difensore,73,false,73,74,73,75,80,80,76,82,83,62,87,79,2213711
Difensore,DARMIAN,Torino,ITALY,77,80,74,67,22,4,69,76,70,69,73,Difensore,66,false,72,70,73,73,75,75,73,77,76,55,76,71,1981265
Difensore,K.GLIK,Torino,POLAND,70,78,68,75,24,5,61,77,67,67,70,Difensore,78,false,71,67,66,82,78,78,74,77,80,52,85,74,1570555
Difensore,GASTALDELLO,Sampdoria,ITALY,74,78,72,73,29,7,65,79,72,67,75,Difensore,65,false,82,72,72,77,76,76,76,83,84,56,82,76,6912639
Difensore,J.ROSSINI,Sampdoria,SWITZERLAND,75,81,75,79,23,7,63,77,72,70,71,Difensore,86,false,84,71,70,75,84,84,78,77,78,53,80,72,8488927
Difensore,MUSTAFI,Sampdoria,GERMANY,73,80,72,71,20,5,60,76,70,66,72,Difensore,78,false,76,70,72,74,76,76,74,79,72,59,79,72,3274570
Difensore,ARONICA,Palermo,ITALY,74,78,74,70,34,6,67,78,73,75,79,Difensore,75,false,72,74,73,73,78,78,75,78,79,58,83,75,1829687
Difensore,MANTOVANI,Palermo,ITALY,75,81,73,66,28,4,67,79,70,69,73,Difensore,68,false,68,72,72,72,76,76,73,77,78,59,82,74,989
Difensore,E.MUÑOZ,Palermo,ARGENTINA,75,81,73,69,21,5,59,81,69,67,71,Difensore,74,false,76,69,70,76,75,75,74,78,79,51,83,73,3293544
Difensore,VONBERGEN,Palermo,SWITZERLAND,79,80,76,67,29,4,61,79,67,66,72,Difensore,63,false,70,69,70,75,75,75,72,78,79,50,79,72,1341473
Difensore,DOMIZZI,Udinese,ITALY,75,78,75,70,32,4,83,82,72,73,78,Difensore,70,false,70,75,74,77,82,82,77,81,81,62,83,77,1346114
Difensore,BENATIA,Udinese,MOROCCO,77,82,76,65,25,3,66,85,72,73,71,Difensore,66,false,64,72,72,81,80,80,75,81,85,52,85,76,690
Difensore,T.HEURTAUX,Udinese,FRANCE,73,77,70,68,24,5,63,79,69,67,69,Difensore,73,false,82,68,72,76,80,80,76,80,77,52,81,73,6748960
Difensore,G.ANGELLA,Udinese,ITALY,72,78,72,75,23,6,62,80,71,66,69,Difensore,77,false,81,69,66,76,76,76,74,79,77,56,83,74,6045942
Difensore,DANILOL.,Udinese,BRAZIL,72,78,76,70,28,5,62,78,73,73,75,Difensore,70,false,76,73,70,84,78,78,77,84,85,55,82,77,3280894
Difensore,REGINALDO,Siena,BRAZIL,81,77,79,75,29,6,79,77,83,75,75,Difensore,72,false,81,83,83,70,79,79,79,77,42,74,76,67,6058128
Difensore,SALVADOR,Siena,PORTUGAL,77,79,85,65,20,4,76,82,86,80,79,Difensore,67,false,77,77,85,67,79,79,77,74,37,70,67,62,3766048
Difensore,KEKO,Catania,SPAIN,79,79,84,81,20,6,68,77,82,75,68,Difensore,79,false,80,75,81,63,73,73,74,70,54,68,72,66,5402061
Difensore,CERCI,Torino,ITALY,85,80,83,68,25,5,83,79,84,75,75,Difensore,69,false,77,82,88,73,81,81,80,76,41,78,79,69,3773356
Difensore,CELIK,Pescara,SWEDEN,76,78,83,73,22,6,68,79,84,70,71,ESA,78,false,73,83,81,78,79,79,79,74,53,76,76,70,2143116
Difensore,L.RIGONI,Chievo,ITALY,75,83,76,70,27,7,70,79,77,77,76,Difensore,72,false,81,78,75,78,76,76,77,78,74,67,77,74,6265169
Difensore,F.SEYMOUR,Chievo,CHILE,74,82,77,78,25,6,70,77,77,76,72,Difensore,83,false,75,78,74,72,75,75,75,75,70,65,74,71,2874330
Difensore,AMBROSINI,Milan,ITALY,74,82,74,78,35,6,63,82,74,76,80,Difensore,81,false,71,75,74,87,77,77,77,85,79,65,84,78,1573324
Difensore,DEJONG,Milan,NETHERLANDS,81,87,80,63,27,5,65,87,74,76,80,Difensore,67,false,74,76,80,79,78,78,78,87,80,65,83,79,2475025
Difensore,CALELLO,Siena,ARGENTINA,76,83,77,70,25,6,65,83,73,75,74,Difensore,73,false,75,75,75,70,79,79,76,72,70,56,76,69,2944943
Difensore,JONATANLUCCA,Roma,BRAZIL,74,76,76,69,18,5,68,71,75,74,67,Difensore,70,false,65,76,72,68,74,74,72,73,62,65,74,69,700
Difensore,DAVIDPIZARRO,Fiorentina,CHILE,78,82,86,66,33,4,76,76,87,88,92,Difensore,68,false,69,85,84,66,82,82,78,67,61,77,74,70,1136678
Difensore,CIGARINI,Atalanta,ITALY,75,82,77,72,26,5,83,77,81,83,79,Difensore,72,false,78,84,75,69,78,78,77,70,66,75,75,72,4290098
Difensore,RADOVANOVIC,Atalanta,SERBIA,73,80,72,72,24,6,70,76,74,76,79,Difensore,71,false,77,77,71,73,87,87,79,77,73,66,83,75,3744123
Difensore,C.CARMONA,Atalanta,CHILE,75,86,77,77,25,5,74,80,76,76,76,Difensore,76,false,71,80,76,68,79,79,76,79,72,65,76,73,1559478
Difensore,PAZIENZA,Bologna,ITALY,76,87,77,68,30,4,65,82,73,73,73,Difensore,63,false,71,75,72,73,77,77,74,75,76,63,76,73,1578861
Difensore,DIEGOPÉREZ,Bologna,URUGUAY,77,86,75,70,32,4,61,85,73,73,75,Difensore,70,false,70,73,74,74,80,80,75,77,75,64,84,75,1327548
Difensore,GUARENTE,Bologna,ITALY,74,79,75,72,26,6,78,73,79,78,80,Difensore,72,false,75,80,74,68,80,80,76,72,69,70,78,72,3401634
Difensore,CONTI,Cagliari,ITALY,76,80,73,74,33,4,77,83,77,78,82,Difensore,70,false,75,80,72,79,85,85,79,83,76,69,82,78,3020880
Difensore,BIAGIANTI,Catania,ITALY,76,84,76,65,28,3,66,79,76,74,76,Difensore,61,false,71,76,75,73,79,79,76,78,69,68,76,73,1562247
Difensore,CAMBIASSO,Inter,ARGENTINA,75,84,76,67,32,4,75,84,82,83,85,Difensore,66,false,68,82,75,82,81,81,78,79,81,72,79,78,1002263
Difensore,GUARÍN,Inter,COLOMBIA,86,84,83,66,26,4,76,80,82,76,82,Difensore,65,false,62,81,86,68,91,91,80,83,65,79,86,78,669
Difensore,GARGANO,Inter,URUGUAY,78,89,85,74,28,5,79,86,78,81,82,Difensore,76,false,77,81,83,68,83,83,79,75,75,69,78,74,3780664
Difensore,PIRLO,Juventus,ITALY,74,82,76,76,33,7,95,76,90,94,92,Difensore,70,false,88,93,76,66,80,80,81,65,70,86,74,74,16270577
Difensore,VALDES,Parma,CHILE,77,79,83,86,31,6,82,76,83,82,80,Difensore,86,false,76,84,78,67,76,76,76,72,55,75,74,69,3758105
Difensore,G.D'AGOSTINO,Pescara,ITALY,76,75,78,75,30,6,88,76,82,85,79,Difensore,80,false,77,85,74,68,79,79,77,72,58,75,76,70,3882925
Difensore,BLASI,Pescara,ITALY,76,82,75,68,32,5,63,83,74,74,76,Difensore,74,false,72,75,76,69,81,81,76,75,71,62,83,73,1839596
Difensore,CANA,Lazio,ALBANIA,75,83,72,73,29,5,65,80,72,78,79,Difensore,75,false,80,75,75,83,82,82,80,79,75,64,83,75,5930881
Difensore,J.RADOEVIC,Napoli,CROATIA,74,84,75,75,18,5,66,80,72,73,76,Difensore,75,false,84,75,72,72,80,80,77,78,70,64,80,73,8354167
Difensore,M.BASHA,Torino,SWITZERLAND,75,80,76,77,25,5,68,76,76,73,75,Difensore,79,false,76,76,75,71,83,83,77,76,69,66,76,72,3337813
Difensore,DONATI,Palermo,ITALY,72,79,73,70,31,5,72,75,77,82,83,Difensore,72,false,74,82,75,73,78,78,77,77,77,67,81,76,2498195
Difensore,ANSELMO,Palermo,BRAZIL,76,78,72,76,23,5,56,72,71,69,69,Difensore,75,false,78,72,71,65,75,75,73,72,65,56,78,68,4290098
Difensore,BADU,Udinese,GHANA,81,83,78,72,22,4,76,75,75,74,70,Difensore,69,false,74,76,76,68,82,82,76,81,68,66,75,73,2470392
Difensore,ALLAN,Udinese,BRAZIL,81,83,84,79,21,6,66,70,75,73,70,Difensore,76,false,81,75,80,67,72,72,75,78,66,72,75,73,6033757
Difensore,D.RODRÍGUEZ,Udinese,URUGUAY,76,81,76,82,23,6,65,80,72,73,69,Difensore,73,false,80,73,70,68,73,73,73,75,68,62,73,70,5477815
Centrocampista,GUANA,Chievo,ITALY,75,84,76,75,31,6,65,82,73,72,78,Centrocampista,80,false,77,75,72,66,79,79,75,72,72,64,75,71,3751432
Centrocampista,VACEK,Chievo,CZECHREPUBLIC,73,82,71,78,25,6,75,74,75,78,75,Centrocampista,77,false,71,76,70,63,75,75,72,73,65,68,78,71,1606541
Centrocampista,HETEMAJ,Chievo,FINLAND,79,83,82,73,25,5,78,75,77,76,76,Centrocampista,69,false,75,78,78,70,82,82,78,76,65,73,77,73,2863462
Centrocampista,I.COFIE,Chievo,GHANA,80,82,76,84,21,5,66,75,74,73,73,Centrocampista,75,false,76,73,76,70,76,76,75,79,68,66,76,72,3375742
Centrocampista,MUNTARI,Milan,GHANA,83,85,76,73,28,6,77,85,80,78,84,Centrocampista,73,false,78,82,76,71,85,85,80,78,71,73,83,76,4256557
Centrocampista,MONTOLIVO,Milan,ITALY,76,83,71,73,27,6,78,78,86,86,80,Centrocampista,73,false,80,85,71,73,81,81,79,73,67,76,78,74,5650812
Centrocampista,FLAMINI,Milan,FRANCE,79,88,79,68,28,5,68,80,77,78,80,Centrocampista,69,false,79,80,72,75,82,82,78,78,75,68,74,74,4812583
Centrocampista,NOCERINO,Milan,ITALY,75,92,78,78,27,7,70,86,74,74,79,Centrocampista,82,false,76,77,76,73,78,78,76,76,75,72,78,75,3287219
Centrocampista,CONSTANT,Milan,GUINEA,83,84,79,74,25,5,79,81,82,78,80,Centrocampista,70,false,75,80,84,74,83,83,80,77,68,74,84,76,2863462
Centrocampista,VERGASSOLA,Siena,ITALY,75,81,76,65,36,5,62,79,75,75,79,Centrocampista,70,false,73,78,76,78,82,82,78,81,73,71,76,75,2135268
Centrocampista,F.DELLAROCCA,Siena,ITALY,76,81,79,67,25,4,75,76,79,80,77,Centrocampista,66,false,66,82,75,72,75,75,74,75,65,72,77,72,7620000
Centrocampista,BOLZONI,Siena,ITALY,72,81,75,76,23,6,75,76,78,78,75,Centrocampista,75,false,76,81,72,70,75,75,75,70,66,70,78,71,3287219
Centrocampista,VERRE,Siena,ITALY,76,78,77,75,18,6,73,76,76,75,72,Centrocampista,70,false,79,76,76,73,75,75,76,75,63,69,75,71,4793469
Centrocampista,DEROSSI,Roma,ITALY,74,85,75,70,29,6,75,86,84,87,88,Centrocampista,78,false,79,86,75,83,86,86,83,83,81,75,85,81,4803027
Centrocampista,PERROTTA,Roma,ITALY,76,83,77,73,35,6,68,78,75,77,80,Centrocampista,83,false,73,77,76,76,77,77,76,78,69,75,81,76,2143116
Centrocampista,BRADLEY,Roma,UNITEDSTATES,76,85,76,73,25,6,75,79,77,79,80,Centrocampista,81,false,76,78,75,73,82,82,78,75,73,73,83,76,3306194
Centrocampista,AQUILANI,Fiorentina,ITALY,76,81,76,75,28,6,83,75,86,86,80,Centrocampista,74,false,77,87,78,70,85,85,80,71,63,77,75,72,3802586
Centrocampista,SISSOKOACF,Fiorentina,MALI,86,85,71,75,27,6,63,80,82,77,79,Centrocampista,70,false,79,81,81,75,83,83,80,89,77,66,88,80,4812583
Centrocampista,MIGLIACCIO,Fiorentina,ITALY,75,86,76,71,31,5,65,81,73,73,78,Centrocampista,72,false,70,76,76,79,77,77,76,79,77,65,76,74,1341473
Centrocampista,B.VALERO,Fiorentina,SPAIN,78,85,79,72,27,6,82,78,85,88,83,Centrocampista,74,false,76,87,78,67,79,79,78,68,65,77,75,71,3306194
Centrocampista,CAPEZZI,Fiorentina,ITALY,76,75,77,76,17,5,66,73,74,72,66,Centrocampista,77,false,72,75,74,69,76,76,74,70,59,63,68,65,1829687
Centrocampista,BIONDINI,Atalanta,ITALY,77,86,77,67,29,5,71,78,77,75,78,Centrocampista,70,false,75,78,75,72,76,76,75,75,70,69,75,72,2858028
Centrocampista,CAZZOLA,Atalanta,ITALY,74,82,73,73,26,5,69,75,73,72,71,Centrocampista,75,false,82,76,73,74,78,78,77,77,69,68,78,73,7035265
Centrocampista,PULZETTI,Bologna,ITALY,79,84,78,69,28,5,73,78,76,74,74,Centrocampista,72,false,74,76,77,73,77,77,76,75,66,68,74,71,2475025
Centrocampista,KRHIN,Bologna,SLOVENIA,73,77,76,68,22,4,73,72,82,83,75,Centrocampista,69,false,74,83,75,69,75,75,75,66,62,67,77,68,2470392
Centrocampista,MARTÍRIVEROLA,Bologna,SPAIN,75,77,74,67,21,5,72,71,80,76,72,Centrocampista,71,false,71,80,73,64,75,75,73,68,60,68,73,67,1559478
Centrocampista,S.TAÏDER,Bologna,FRANCE,76,82,76,66,20,4,75,73,78,77,71,Centrocampista,66,false,69,82,72,70,78,78,75,76,64,72,76,72,1140590
Centrocampista,DESSENA,Cagliari,ITALY,79,82,75,73,25,5,68,77,75,75,75,Centrocampista,70,false,71,77,76,75,78,78,76,76,68,68,78,73,1573324
Centrocampista,EKDAL,Cagliari,SWEDEN,76,79,76,82,23,6,76,75,82,83,78,Centrocampista,83,false,78,83,77,72,79,79,78,73,59,73,79,71,5029225
Centrocampista,NAINGGOLAN,Cagliari,BELGIUM,78,88,81,81,24,5,76,83,82,79,83,Centrocampista,80,false,79,83,79,73,82,82,80,79,73,72,76,75,5060826
Centrocampista,M.CABRERA,Cagliari,URUGUAY,77,85,77,75,26,6,65,78,78,80,73,Centrocampista,68,false,85,80,74,68,79,79,78,75,70,68,76,72,11872668
Centrocampista,ALMIRON,Catania,ARGENTINA,74,82,74,72,31,6,78,75,83,83,78,Centrocampista,80,false,79,84,73,74,86,86,80,75,66,75,76,73,4936782
Centrocampista,LODI,Catania,ITALY,75,79,76,74,28,5,87,73,82,83,79,Centrocampista,75,false,83,83,75,72,83,83,80,73,65,76,77,73,8152955
Centrocampista,IZCO,Catania,ARGENTINA,78,83,77,72,29,6,72,75,76,75,76,Centrocampista,82,false,77,76,77,69,77,77,76,75,68,69,77,72,3787971
Centrocampista,SCIACCA,Catania,ITALY,79,76,76,66,23,4,82,73,76,77,70,Centrocampista,73,false,82,76,78,71,75,75,76,73,53,66,73,66,7871985
Centrocampista,A.SALIFU,Catania,GHANA,78,80,78,75,20,7,66,75,75,73,70,Centrocampista,83,false,80,75,75,69,76,76,75,78,65,66,75,71,10746164
Centrocampista,MATUZALEM,Genoa,BRAZIL,77,81,82,75,32,5,78,80,86,85,83,Centrocampista,72,false,86,86,78,70,79,79,80,76,67,75,75,73,19850235
Centrocampista,TÖZSÉR,Genoa,HUNGARY,73,76,72,76,27,6,82,72,78,80,76,Centrocampista,78,false,80,82,73,72,83,83,79,74,56,72,74,69,5909403
Centrocampista,KUCKA,Genoa,SLOVAKIA,73,83,72,70,25,5,66,77,81,76,78,Centrocampista,70,false,82,77,76,73,84,84,79,75,69,72,86,76,7279914
Centrocampista,A.BERTOLACCI,Genoa,ITALY,77,85,78,73,21,6,79,79,78,76,73,Centrocampista,78,false,83,81,79,72,79,79,79,77,66,74,76,73,8318583
Centrocampista,M.ALHASSAN,Genoa,GHANA,79,78,77,72,18,6,66,73,73,70,66,Centrocampista,78,false,76,73,75,71,75,75,74,78,64,64,72,70,3590019
Centrocampista,MUDINGAYI,Inter,BELGIUM,78,85,73,65,31,6,64,86,73,72,76,Centrocampista,72,false,85,75,73,72,79,79,77,82,76,62,86,77,15812407
Centrocampista,KUZMANOVIC,Inter,SERBIA,78,82,75,70,25,5,74,75,78,80,82,Centrocampista,86,false,78,80,75,78,87,87,81,74,66,74,82,74,4599687
Centrocampista,OBI,Inter,NIGERIA,85,82,83,79,21,5,73,78,77,75,75,Centrocampista,80,false,84,77,85,72,80,80,80,84,66,72,77,75,17350644
Centrocampista,BENASSI,Inter,ITALY,75,77,76,72,18,5,73,72,76,75,68,Centrocampista,75,false,83,76,75,71,75,75,76,76,65,66,76,71,9765898
Centrocampista,MARCHISIO,Juventus,ITALY,77,93,79,80,26,6,76,84,86,83,82,Centrocampista,83,false,79,86,83,79,78,78,81,77,73,78,79,77,5260549
Centrocampista,VIDAL,Juventus,CHILE,80,94,81,67,25,6,77,88,82,81,83,Centrocampista,78,false,83,84,78,75,84,84,81,86,76,77,79,80,8453599
Centrocampista,ISLA,Juventus,CHILE,81,90,82,69,24,5,73,84,79,75,78,Centrocampista,78,false,72,78,77,73,80,80,77,77,73,71,77,75,2490891
Centrocampista,K.ASAMOAH,Juventus,GHANA,84,88,83,59,23,3,79,83,83,77,80,Centrocampista,77,false,85,82,85,71,84,84,82,82,68,76,84,78,19757025
Centrocampista,MARRONE,Juventus,ITALY,73,80,76,70,22,4,68,78,76,76,78,Centrocampista,72,false,78,76,76,76,77,77,77,79,75,64,78,74,4273328
Centrocampista,POGBA,Juventus,FRANCE,83,83,78,75,19,5,73,79,82,77,78,Centrocampista,79,false,81,83,78,74,83,83,80,82,70,73,86,78,10494172
Centrocampista,MORRONE,Parma,ITALY,76,84,75,67,33,5,75,81,75,75,76,Centrocampista,68,false,75,77,73,74,78,78,76,76,73,67,77,73,3123601
Centrocampista,GALLOPPA,Parma,ITALY,75,82,78,66,27,4,83,75,82,82,81,Centrocampista,65,false,76,83,76,69,83,83,78,73,65,73,76,72,3337813
Centrocampista,MARIGA,Parma,KENYA,79,78,75,67,25,4,66,79,78,76,82,Centrocampista,72,false,76,78,75,68,81,81,77,82,72,65,85,76,4010625
Centrocampista,STRASSER,Parma,SIERRALEONE,77,81,77,72,22,6,66,76,74,74,73,Centrocampista,75,false,81,75,74,75,75,75,76,79,66,63,79,72,6834037
Centrocampista,PAROLO,Parma,ITALY,75,84,76,75,27,5,73,77,77,77,79,Centrocampista,76,false,76,80,77,73,84,84,79,75,65,74,78,73,3646432
Centrocampista,LUCUS,Pescara,BRAZIL,80,73,74,73,25,5,66,71,73,75,71,Centrocampista,75,false,76,74,72,68,75,75,73,71,56,66,75,67,3293544
Centrocampista,CASCIONE,Pescara,ITALY,73,82,71,72,29,6,75,78,76,77,73,Centrocampista,72,false,78,77,71,80,76,76,76,81,66,69,79,74,4281713
Centrocampista,BJARNASON,Pescara,ICELAND,75,83,74,72,24,5,68,77,74,74,75,Centrocampista,75,false,78,74,73,80,76,76,76,82,65,68,73,72,4724493
Centrocampista,TOGNI,Pescara,BRAZIL,75,75,75,72,30,6,82,72,77,78,72,Centrocampista,72,false,69,79,73,65,78,78,74,70,54,70,73,67,1138634
Centrocampista,RIZZO,Pescara,ITALY,77,85,77,68,21,5,68,77,75,74,73,Centrocampista,66,false,74,76,75,72,78,78,76,78,67,66,75,72,2475025
Centrocampista,BROCCHI,Lazio,ITALY,74,81,78,83,36,7,62,83,75,74,78,Centrocampista,83,false,75,74,77,77,78,78,77,76,67,68,79,73,2890630
Centrocampista,C.LEDESMA,Lazio,ITALY,78,82,77,72,30,4,83,84,80,86,85,Centrocampista,71,false,77,83,74,67,83,83,78,75,70,75,76,74,3744123
Centrocampista,ÁLVAROGONZÁLEZ,Lazio,URUGUAY,78,88,78,77,27,6,63,76,76,70,72,Centrocampista,76,false,76,75,79,67,77,77,75,77,66,70,74,72,3287219
Centrocampista,ONAZI,Lazio,NIGERIA,79,83,85,72,19,5,64,81,76,76,66,Centrocampista,76,false,75,73,80,69,76,76,75,85,66,65,77,73,2885197
Centrocampista,DONADEL,Napoli,ITALY,75,81,75,75,29,6,75,80,78,82,82,Centrocampista,72,false,82,84,76,66,82,82,79,78,73,67,75,73,7965082
Centrocampista,DZEMAILI,Napoli,SWITZERLAND,76,83,77,72,26,5,82,76,81,83,79,Centrocampista,73,false,74,83,79,70,82,82,78,74,67,74,77,73,2470392
Centrocampista,INLER,Napoli,SWITZERLAND,76,85,76,72,28,5,73,83,78,81,85,Centrocampista,73,false,75,82,75,72,86,86,79,79,75,75,83,78,2879763
Centrocampista,BRIGHI,Torino,ITALY,76,84,77,75,31,5,75,82,78,78,77,Centrocampista,75,false,75,80,75,75,80,80,78,77,71,71,77,74,2896062
Centrocampista,GAZZI,Torino,ITALY,75,83,76,75,29,6,68,79,75,76,76,Centrocampista,72,false,72,78,75,71,75,75,74,75,72,66,76,72,1832991
Centrocampista,VIVES,Torino,ITALY,76,83,77,72,32,5,72,81,76,75,75,Centrocampista,77,false,77,77,77,72,77,77,76,76,68,70,76,73,3744123
Centrocampista,BAKIC,Torino,MONTENEGRO,75,76,75,71,18,4,72,73,77,78,71,Centrocampista,71,false,65,80,73,70,75,75,73,73,62,67,75,69,701
Centrocampista,MARESCA,Sampdoria,ITALY,72,79,75,69,32,5,76,76,78,78,77,Centrocampista,72,false,76,79,73,77,79,79,77,75,65,71,77,72,3274570
Centrocampista,PALOMBO,Sampdoria,ITALY,73,85,75,75,31,7,73,83,73,77,83,Centrocampista,67,false,81,78,73,75,83,83,79,77,79,64,81,75,6033757
Centrocampista,POLI,Sampdoria,ITALY,75,83,76,65,23,5,78,76,82,82,79,Centrocampista,72,false,74,83,75,71,78,78,77,75,67,74,76,73,2488927
Centrocampista,KRSTICIC,Sampdoria,SERBIA,79,82,75,79,22,6,75,76,78,77,74,Centrocampista,81,false,77,80,75,72,77,77,76,75,66,72,78,73,3736815
Centrocampista,SORIANO,Sampdoria,ITALY,75,82,76,73,21,5,76,77,76,76,78,Centrocampista,72,false,73,75,77,75,76,76,75,76,63,72,76,72,2166659
Centrocampista,PEDROOBIANG,Sampdoria,SPAIN,77,82,75,68,20,5,79,77,79,82,79,Centrocampista,72,false,72,80,75,73,79,79,76,79,67,71,80,74,1826384
Centrocampista,E.BARRETO,Palermo,PARAGUAY,76,83,76,77,28,4,82,82,78,82,80,Centrocampista,73,false,69,80,79,67,83,83,77,79,66,73,75,73,1142546
Centrocampista,ARÉVALORÍOS,Palermo,URUGUAY,73,85,75,72,30,6,55,88,72,73,70,Centrocampista,71,false,76,74,70,66,75,75,73,76,80,59,83,75,3274570
Centrocampista,J.KURTIC,Palermo,SLOVENIA,76,80,73,75,23,5,75,75,75,75,78,Centrocampista,70,false,70,76,73,73,86,86,77,78,67,70,84,75,1362354
Centrocampista,FAURLÍN,Palermo,ARGENTINA,72,81,75,76,26,5,76,78,78,80,75,Centrocampista,78,false,75,82,68,78,78,78,77,77,66,70,76,72,2858028
Centrocampista,PINZI,Udinese,ITALY,78,84,79,67,31,4,69,80,76,75,79,Centrocampista,68,false,77,76,77,72,81,81,77,75,74,68,75,73,3795279
Centrocampista,LUCIANO,Chievo,BRAZIL,77,76,73,69,36,5,79,72,82,76,77,Centrocampista,75,false,70,80,75,69,79,79,75,69,56,75,82,71,1341473
Centrocampista,B.TRAORE,Milan,MALI,84,82,71,67,27,5,73,78,80,78,70,Centrocampista,69,false,69,75,84,64,80,80,75,78,68,73,81,75,1257460
Centrocampista,MANNINI,Siena,ITALY,83,79,76,73,28,4,75,73,78,73,75,Centrocampista,72,false,73,78,85,69,79,79,77,72,61,73,79,71,2154888
Centrocampista,SESTU,Siena,ITALY,78,81,80,66,29,4,79,73,83,74,73,Centrocampista,64,false,69,82,78,72,81,81,77,76,52,73,75,69,1154280
Centrocampista,VALIANI,Siena,ITALY,81,84,83,85,31,7,75,75,78,73,76,Centrocampista,82,false,84,78,82,66,75,75,77,72,55,73,73,68,13296136
Centrocampista,TADDEI,Roma,BRAZIL,79,86,81,75,32,5,78,80,85,78,81,Centrocampista,71,false,81,84,83,70,79,79,79,81,63,76,75,74,6155595
Centrocampista,CUADRADO,Fiorentina,COLOMBIA,85,85,86,79,24,6,79,71,87,76,71,Centrocampista,84,false,82,82,88,66,82,82,80,84,52,77,73,72,7279914
Centrocampista,RAIMONDI,Atalanta,ITALY,78,85,76,67,31,4,76,75,76,73,74,Centrocampista,70,false,84,76,75,65,79,79,76,74,66,72,76,72,9442077
Centrocampista,GIORGI,Atalanta,ITALY,76,82,73,77,25,5,73,76,76,75,75,Centrocampista,82,false,82,77,76,73,79,79,78,76,59,72,79,72,6980783
Centrocampista,CASARINI,Cagliari,ITALY,79,82,78,77,23,6,78,72,78,73,73,Centrocampista,76,false,92,78,76,71,78,78,79,75,63,69,77,71,33725383
Centrocampista,BARRIENTOS,Catania,ARGENTINA,80,81,82,78,27,5,80,78,86,75,73,Centrocampista,92,false,76,83,79,64,78,78,76,70,48,76,73,67,3445217
Centrocampista,MARCOROSSI,Genoa,ITALY,80,83,80,82,34,6,75,81,82,74,77,Centrocampista,82,false,83,78,80,70,77,77,78,73,71,73,74,73,7971632
Centrocampista,SCHELOTTO,Inter,ITALY,86,86,77,75,23,6,76,72,78,74,77,Centrocampista,73,false,78,76,86,71,81,81,79,77,59,75,81,73,4691269
Centrocampista,PEPE,Juventus,ITALY,83,88,83,73,29,6,85,76,83,75,78,Centrocampista,85,false,82,82,86,72,79,79,80,79,63,77,78,74,6789892
Centrocampista,PADOIN,Juventus,ITALY,81,85,83,74,28,4,76,76,81,75,76,Centrocampista,70,false,80,80,76,69,76,76,76,76,67,73,73,72,5466995
Centrocampista,MARCHIONNI,Parma,ITALY,83,82,82,78,32,6,77,76,83,76,75,Centrocampista,75,false,82,83,85,71,75,75,79,77,55,75,75,71,7116919
Centrocampista,WEISS,Pescara,SLOVAKIA,83,77,86,76,22,6,79,71,82,76,75,Centrocampista,77,false,79,82,85,68,77,77,78,74,43,74,69,65,5070357
Centrocampista,FOGGIA,Lazio,ITALY,81,71,87,72,29,6,83,71,87,76,75,Centrocampista,78,false,81,85,83,68,79,79,79,68,45,74,72,65,7739353
Centrocampista,B.PEREIRINHA,Lazio,PORTUGAL,78,75,76,68,24,5,76,70,80,74,68,Centrocampista,73,false,74,78,82,56,67,67,71,66,54,67,69,64,2516727
Centrocampista,MAGGIO,Napoli,ITALY,84,88,79,73,30,6,81,78,83,75,78,Centrocampista,72,false,75,80,86,79,80,80,80,82,67,76,78,76,3166688
Centrocampista,BEHRAMI,Napoli,SWITZERLAND,83,88,75,71,27,5,73,85,78,74,72,Centrocampista,66,false,79,78,85,73,79,79,79,80,73,73,81,77,5609058
Centrocampista,SANTANA,Torino,ARGENTINA,78,81,78,65,30,4,82,73,87,82,77,Centrocampista,69,false,78,86,79,66,77,77,77,70,53,76,73,68,4290098
Centrocampista,WILLYAN,Torino,BRAZIL,77,74,77,71,18,6,68,72,73,67,66,Centrocampista,75,false,82,75,76,66,71,71,74,70,43,65,70,62,6830818
Centrocampista,MUNARI,Sampdoria,ITALY,76,85,76,70,29,5,70,77,77,76,76,Centrocampista,77,false,75,77,77,75,77,77,76,80,66,73,82,75,3064189
Centrocampista,GAVAZZI,Sampdoria,ITALY,78,83,75,66,26,4,74,73,77,73,72,Centrocampista,67,false,65,77,77,74,77,77,75,79,56,72,77,71,723
Centrocampista,SPERDUTTI,Palermo,ARGENTINA,81,77,77,75,26,5,63,72,76,70,70,Centrocampista,73,false,80,76,78,68,84,84,78,72,43,72,76,66,6059442
Centrocampista,A.STOIAN,Chievo,ROMANIA,75,76,77,75,21,6,76,71,79,76,72,Centrocampista,78,false,71,79,79,68,75,75,75,69,43,71,67,63,1708558
Centrocampista,E.LLAMA,Fiorentina,ARGENTINA,79,77,81,65,26,4,82,73,83,73,76,Centrocampista,65,false,71,81,83,65,77,77,76,70,46,71,75,66,1570555
Centrocampista,TROISI,Atalanta,AUSTRALIA,82,78,78,66,24,3,76,69,77,73,67,Centrocampista,66,false,69,77,82,69,77,77,75,70,45,71,78,66,1195301
Centrocampista,LAZAROS,Bologna,GREECE,84,78,77,66,25,3,76,75,78,72,69,Centrocampista,68,false,63,75,83,74,75,75,74,70,42,73,75,65,679
Centrocampista,S.ERIKSSON,Cagliari,SWEDEN,75,80,73,72,23,5,65,71,76,75,72,Centrocampista,70,false,77,75,75,64,73,73,73,72,58,66,75,68,3802586
Centrocampista,PIREDDA,Cagliari,ITALY,78,74,75,72,18,4,69,69,73,67,68,Centrocampista,69,false,78,74,76,69,72,72,74,73,42,65,74,64,4281713
Centrocampista,L.CASTRO,Catania,ARGENTINA,80,82,81,70,23,5,69,72,83,76,75,Centrocampista,72,false,83,80,78,68,78,78,78,75,46,75,78,69,8198186
Centrocampista,VARGAS,Genoa,PERU,83,86,79,72,28,5,80,73,84,75,83,Centrocampista,73,false,75,82,86,71,92,92,83,79,60,78,88,76,2896062
Centrocampista,E.NADAREVIC,Genoa,BOSNIAANDHERZEGOVINA,81,79,78,78,25,5,79,70,81,73,71,Centrocampista,79,false,86,79,83,69,76,76,78,76,45,73,75,67,12794081
Centrocampista,GIACCHERINI,Juventus,ITALY,82,88,89,72,27,5,80,75,83,75,74,Centrocampista,72,false,83,82,81,69,75,75,78,76,62,75,73,72,12586444
Centrocampista,MODESTO,Pescara,ITALY,82,85,77,72,30,5,76,73,77,72,73,Centrocampista,68,false,73,79,79,65,78,78,75,77,68,71,76,73,2229381
Centrocampista,LULIC,Lazio,BOSNIAANDHERZEGOVINA,87,83,79,78,26,6,66,77,83,72,73,Centrocampista,81,false,82,80,85,64,73,73,76,68,57,73,76,69,6994407
Centrocampista,ESTIGARRIBIA,Sampdoria,PARAGUAY,85,82,84,74,25,5,79,74,82,74,74,Centrocampista,76,false,84,81,86,73,81,81,81,70,53,75,76,69,10781262
Centrocampista,RENAN,Sampdoria,BRAZIL,78,82,82,80,26,6,80,78,76,75,72,Centrocampista,85,false,74,76,82,72,83,83,78,75,59,72,78,71,2567663
Centrocampista,R.PEREYRA,Udinese,ARGENTINA,83,86,80,78,21,4,76,77,82,75,76,Centrocampista,65,false,71,81,86,73,80,80,79,75,63,76,78,73,1603773
Centrocampista,M.CAMPOS,Udinese,CHILE,79,82,78,77,23,7,68,72,77,71,73,Centrocampista,79,false,82,75,77,67,80,80,77,75,61,68,75,70,6776248
Centrocampista,DAINELLI,Chievo,ITALY,69,76,69,64,33,4,60,78,66,67,72,Difensore,69,false,73,69,66,77,75,75,73,77,83,56,81,74,2595381
Attaccante,SAMASSA,Chievo,MALI,81,75,72,85,26,4,58,76,81,73,65,Attaccante,63,false,87,79,84,69,79,79,80,80,38,69,78,66,17288484
Attaccante,THEREAU,Chievo,FRANCE,78,83,73,83,29,6,80,75,81,78,76,Attaccante,82,false,81,80,78,78,83,83,81,75,49,79,83,72,6374611
Attaccante,PALOSCHI,Chievo,ITALY,81,83,82,75,22,5,66,85,76,69,70,Attaccante,76,false,76,76,76,81,78,78,78,82,42,79,78,70,3789718
Attaccante,PAZZINI,Milan,ITALY,79,80,83,73,28,6,70,89,76,75,78,Attaccante,75,false,78,84,75,84,79,79,80,86,34,85,79,71,4273328
Attaccante,BOJAN,Milan,SPAIN,83,77,85,68,22,4,66,87,83,77,74,Attaccante,75,false,74,83,84,71,79,79,78,75,38,82,72,67,2479660
Attaccante,BALOTELLI,Milan,ITALY,88,80,83,76,22,6,86,77,88,82,82,Attaccante,79,false,81,87,79,78,89,89,84,79,40,88,87,74,6058128
Attaccante,NIANG,Milan,FRANCE,85,78,80,72,17,6,82,75,83,77,78,Attaccante,73,false,78,82,83,76,82,82,81,80,36,77,84,69,4281713
Attaccante,BOGDANI,Siena,ALBANIA,77,81,75,64,35,3,62,77,76,73,70,Attaccante,65,false,59,78,75,80,81,81,76,80,43,77,86,72,634
Attaccante,M.PAOLUCCI,Siena,ITALY,81,80,77,72,26,5,68,77,76,67,67,Attaccante,69,false,68,77,79,73,75,75,75,76,40,75,76,67,992
Attaccante,ZÉEDUARDO,Siena,BRAZIL,82,83,82,66,24,4,69,76,79,75,73,Attaccante,71,false,70,78,82,73,79,79,77,79,42,77,78,69,1350755
Attaccante,OSVALDO,Roma,ITALY,81,83,81,73,26,5,69,82,83,73,73,Attaccante,78,false,77,83,82,82,83,83,82,80,36,85,83,71,3904819
Attaccante,DESTRO,Roma,ITALY,81,83,79,76,21,4,77,86,79,73,73,Attaccante,73,false,77,82,83,83,79,79,81,83,39,83,79,71,3758740
Attaccante,N.LÓPEZ,Roma,URUGUAY,81,77,85,76,19,6,70,84,81,67,66,Attaccante,78,false,73,81,82,75,79,79,78,78,36,75,68,64,2135268
Attaccante,TONIACF,Fiorentina,ITALY,73,76,72,74,35,6,68,80,78,75,75,Attaccante,75,false,78,82,72,85,78,78,79,78,35,85,88,72,4290098
Attaccante,LARRONDO,Fiorentina,ARGENTINA,77,78,75,65,24,3,67,73,76,69,73,Attaccante,65,false,71,77,75,74,79,79,76,77,38,76,82,68,1556709
Attaccante,ZOHORE,Fiorentina,DENMARK,82,73,72,66,18,4,60,74,76,65,63,Attaccante,66,false,72,75,78,68,77,77,75,76,30,67,82,64,1892417
Attaccante,BUDAN,Atalanta,CROATIA,75,77,72,67,32,4,64,78,75,71,73,Attaccante,67,false,70,78,73,78,83,83,78,79,36,79,86,70,1329868
Attaccante,G.DENIS,Atalanta,ARGENTINA,79,82,78,65,31,3,76,86,77,70,72,Attaccante,66,false,63,83,76,87,83,83,79,83,38,85,86,73,678
Attaccante,F.PARRA,Atalanta,ARGENTINA,77,76,76,66,27,3,68,78,79,71,70,Attaccante,65,false,63,78,76,75,81,81,76,76,41,78,83,70,685
Attaccante,LIVAJA,Atalanta,CROATIA,77,79,75,72,19,5,69,80,75,68,73,Attaccante,67,false,76,79,76,77,80,80,78,81,38,76,82,69,3274570
Attaccante,DELUCA,Atalanta,ITALY,83,78,82,82,21,5,70,76,77,72,68,Attaccante,88,false,78,78,80,75,76,76,77,78,44,75,76,68,5335646
Attaccante,GILARDINO,Bologna,ITALY,75,77,74,77,30,4,62,85,74,72,72,Attaccante,85,false,80,82,70,84,72,72,77,76,36,85,80,69,7138378
Attaccante,PAPONI,Bologna,ITALY,78,78,76,83,24,6,63,75,73,65,66,Attaccante,81,false,87,75,76,70,76,76,77,75,35,73,73,64,14035835
Attaccante,D.MOSCARDELLI,Bologna,ITALY,76,77,72,90,32,8,73,80,76,72,75,Attaccante,92,false,86,78,78,76,87,87,82,78,36,78,84,69,16519294
Attaccante,GABBIADINI,Bologna,ITALY,79,79,77,75,20,6,73,79,78,72,72,Attaccante,66,false,84,79,78,76,78,78,79,78,40,78,79,69,10129409
Attaccante,PINILLA,Cagliari,CHILE,82,78,78,82,28,7,66,79,77,72,75,Attaccante,90,false,86,82,79,77,81,81,81,85,35,79,82,70,17107484
Attaccante,SAU,Cagliari,ITALY,83,82,85,75,24,6,79,84,79,73,67,Attaccante,72,false,74,79,83,79,76,76,78,76,40,81,71,67,2539886
Attaccante,NENÊ,Cagliari,BRAZIL,78,78,77,75,29,5,78,82,78,75,75,Attaccante,68,false,82,84,75,78,79,79,80,79,35,79,78,68,6939901
Attaccante,BERGESSIO,Catania,ARGENTINA,79,80,76,84,28,5,73,85,78,75,74,Attaccante,85,false,72,79,79,82,81,81,79,84,41,82,82,72,1882518
Attaccante,ÇANI,Catania,ALBANIA,74,78,71,80,23,6,65,78,72,67,69,Attaccante,82,false,78,75,73,75,78,78,76,77,35,75,84,68,4873383
Attaccante,DOUKARA,Catania,SENEGAL,76,76,72,78,21,6,63,71,72,65,66,Attaccante,72,false,80,70,68,73,77,77,74,78,39,71,83,68,5575164
Attaccante,BORRIELLO,Genoa,ITALY,79,77,73,75,30,5,70,78,78,72,75,Attaccante,70,false,79,82,79,83,85,85,82,82,41,84,86,73,4888281
Attaccante,FLOROFLORES,Genoa,ITALY,82,80,79,75,29,7,69,79,79,73,76,Attaccante,78,false,92,82,79,79,84,84,83,79,38,80,78,69,31402815
Attaccante,HALLENIUS,Genoa,SWEDEN,77,74,72,72,23,7,61,74,75,70,68,Attaccante,76,false,86,74,73,69,73,73,75,74,33,67,77,63,15424797
Attaccante,IMMOBILE,Genoa,ITALY,79,78,77,75,22,6,65,84,77,70,68,Attaccante,75,false,80,78,77,75,79,79,78,79,35,79,77,68,6514528
Attaccante,A.SAID,Genoa,ITALY,79,76,75,68,19,5,67,75,76,68,66,Attaccante,70,false,83,75,79,72,77,77,77,80,41,72,76,67,16511895
Attaccante,ROCCHI,Inter,ITALY,76,76,81,79,35,6,62,88,76,74,77,Attaccante,81,false,83,81,77,83,76,76,79,77,53,82,77,72,8453599
Attaccante,D.MILITO,Inter,ARGENTINA,77,79,79,70,33,5,72,90,83,77,72,Attaccante,70,false,81,85,78,78,78,78,80,78,40,92,81,73,6313829
Attaccante,BENDTNER,Juventus,DENMARK,83,81,75,69,24,4,64,76,83,73,73,Attaccante,72,false,82,83,79,73,82,82,80,84,47,77,83,73,7401819
Attaccante,MATRI,Juventus,ITALY,82,83,76,75,28,5,69,82,77,70,76,Attaccante,70,false,81,77,81,83,81,81,81,82,44,84,84,74,6374611
Attaccante,AMAURI,Parma,ITALY,78,80,75,69,32,4,67,73,81,72,70,Attaccante,75,false,77,82,76,79,80,80,79,87,40,82,85,74,4123065
Attaccante,BELFODIL,Parma,ALGERIA,82,78,77,66,20,5,66,80,82,74,70,Attaccante,65,false,77,82,79,79,79,79,79,76,39,79,84,70,3795279
Attaccante,M.ARTEAGA,Parma,VENEZUELA,76,77,75,75,18,4,60,73,76,70,69,Attaccante,78,false,82,76,73,74,74,74,76,74,34,72,76,64,6885370
Attaccante,ABBRUSCATO,Pescara,ITALY,80,83,79,68,31,5,66,76,78,71,70,Attaccante,70,false,79,78,77,75,77,77,77,80,36,77,77,68,5070357
Attaccante,SFORZINI,Pescara,ITALY,73,78,73,77,27,6,65,79,73,67,72,Attaccante,76,false,80,77,74,82,81,81,79,76,31,76,85,67,5780286
Attaccante,M.CARAGLIO,Pescara,ARGENTINA,78,79,75,68,23,5,70,82,77,71,73,Attaccante,68,false,86,77,78,81,83,83,81,76,35,76,86,68,14886724
Attaccante,VUKUIC,Pescara,CROATIA,79,78,78,68,21,4,66,84,76,68,65,Attaccante,75,false,72,75,77,76,77,77,76,77,38,76,72,66,2040136
Attaccante,KLOSE,Lazio,GERMANY,76,79,75,65,34,4,60,91,82,76,72,Attaccante,67,false,66,82,78,94,80,80,80,88,48,87,80,76,824
Attaccante,SAHA,Lazio,FRANCE,82,71,77,68,34,4,72,83,82,75,78,Attaccante,70,false,68,82,80,76,83,83,79,81,40,80,81,71,996
Attaccante,FLOCCARI,Lazio,ITALY,82,84,83,69,30,4,66,80,78,74,75,Attaccante,71,false,76,84,78,78,78,78,79,84,34,82,77,69,3312518
Attaccante,KOZÁK,Lazio,CZECHREPUBLIC,74,76,66,67,23,5,55,76,72,68,64,Attaccante,80,false,80,74,65,82,75,75,75,73,37,74,84,67,5995228
Attaccante,ROZZI,Lazio,ITALY,79,74,81,82,18,7,56,74,70,64,62,Attaccante,73,false,93,74,72,68,71,71,75,76,36,68,71,63,44164094
Attaccante,CAVANI,Napoli,URUGUAY,85,95,81,79,25,7,78,95,83,76,79,Attaccante,90,false,92,83,85,87,85,85,86,87,52,94,86,80,34532410
Attaccante,CALAIO,Napoli,ITALY,79,80,77,85,30,6,77,83,81,76,76,Attaccante,81,false,85,82,79,80,78,78,80,81,45,78,77,70,13005206
Attaccante,ROLANDOBIANCHI,Torino,ITALY,77,78,75,73,29,4,64,80,72,72,71,Attaccante,76,false,70,76,70,86,80,80,77,80,38,80,83,70,1543791
Attaccante,BARRETO,Torino,BRAZIL,83,78,86,79,27,7,72,82,82,72,72,Attaccante,82,false,85,82,86,70,77,77,80,76,38,80,71,66,1
Attaccante,MEGGIORINI,Torino,ITALY,79,79,78,78,27,5,73,83,76,72,72,Attaccante,82,false,81,77,76,78,77,77,78,78,36,76,77,67,7180029
Attaccante,JONATHAS,Torino,BRAZIL,77,78,73,72,23,6,75,79,76,67,68,Attaccante,70,false,84,76,72,79,78,78,78,80,36,76,85,69,9042788
Attaccante,A.DIOP,Torino,SENEGAL,84,77,77,86,18,7,69,74,77,71,65,Attaccante,78,false,91,76,82,74,78,78,80,84,39,73,79,69,36065040
Attaccante,MAXILOPEZ,Sampdoria,ARGENTINA,82,79,75,84,28,6,67,78,80,70,69,Attaccante,84,false,77,79,81,81,83,83,81,77,36,83,87,71,4346385
Attaccante,ÉDER,Sampdoria,BRAZIL,83,79,83,86,25,6,75,82,78,75,70,Attaccante,85,false,87,78,80,75,76,76,79,78,35,79,75,67,19039838
Attaccante,M.ICARDI,Sampdoria,ARGENTINA,85,78,81,80,19,6,76,85,79,71,70,Attaccante,82,false,84,79,83,77,76,76,79,82,41,77,76,69,11029421
Attaccante,A.SAVIC,Sampdoria,SWITZERLAND,73,76,72,64,19,4,65,77,72,67,66,Attaccante,75,false,74,75,70,72,78,78,75,78,38,70,79,66,2673890
Attaccante,BOSELLI,Palermo,ARGENTINA,78,77,81,81,27,7,56,86,75,67,69,Attaccante,87,false,91,74,76,82,75,75,79,79,35,77,76,67,26744331
Attaccante,P.DYBALA,Palermo,ARGENTINA,82,79,81,69,18,5,76,79,81,73,73,Attaccante,75,false,81,82,81,71,77,77,78,78,40,77,75,68,6556578
Attaccante,DINATALE,Udinese,ITALY,79,75,87,66,34,5,85,85,84,83,78,Attaccante,62,false,79,87,85,71,75,75,79,72,32,90,72,67,4860363
Attaccante,RANÉGIE,Udinese,SWEDEN,73,77,66,86,28,7,66,76,75,67,66,Attaccante,83,false,88,73,70,80,78,78,78,71,38,76,90,69,26482787
Attaccante,L.MURIEL,Udinese,COLOMBIA,87,82,82,76,21,5,76,78,84,72,72,Attaccante,73,false,81,81,84,73,78,78,79,80,40,83,79,71,9052084
Attaccante,PELLISSIER,Chievo,ITALY,83,77,84,68,33,3,74,87,81,73,76,Attaccante,69,false,76,80,82,79,80,80,80,84,40,83,75,71,3382063
Attaccante,G.HAUCHE,Chievo,ARGENTINA,83,83,86,68,25,5,74,79,82,71,70,Attaccante,74,false,73,80,84,70,75,75,76,75,36,76,73,65,2217629
Attaccante,ROBINHO,Milan,BRAZIL,82,80,96,78,28,6,75,82,97,82,75,Attaccante,80,false,72,92,94,78,77,77,82,84,41,88,75,72,1882518
Attaccante,ELSHAARAWY,Milan,ITALY,86,83,88,82,19,6,83,85,85,79,72,Attaccante,80,false,77,85,84,73,79,79,80,75,46,85,76,71,3977728
Attaccante,POZZI,Siena,ITALY,82,81,79,73,26,3,69,85,76,71,68,Attaccante,67,false,79,79,79,81,77,77,79,78,36,77,77,67,4850807
Attaccante,EMEGHARA,Siena,SWITZERLAND,88,77,84,80,23,7,66,75,75,68,68,Attaccante,84,false,83,74,85,72,81,81,79,80,40,76,75,68,7789793
Attaccante,TOTTI,Roma,ITALY,75,76,75,76,36,7,85,76,91,91,82,Attaccante,82,false,78,91,75,77,85,85,82,73,31,92,82,70,4348779
Attaccante,LAMELA,Roma,ARGENTINA,79,79,83,67,20,6,83,76,88,82,74,Attaccante,74,false,79,85,88,77,79,79,81,73,39,85,78,69,4860363
Attaccante,ELHAMDAOUI,Fiorentina,MOROCCO,85,79,75,72,28,6,70,82,80,71,67,Attaccante,71,false,76,79,83,70,77,77,77,70,30,80,83,66,3337813
Attaccante,ROSSIACF,Fiorentina,ITALY,84,83,88,73,25,4,77,83,86,82,76,Attaccante,80,false,79,85,85,73,86,86,82,75,35,86,76,68,5013143
Attaccante,JOVETIC,Fiorentina,MONTENEGRO,80,81,85,76,22,6,83,79,88,86,79,Attaccante,76,false,74,87,83,72,78,78,79,79,42,86,81,72,2502828
Attaccante,LJAJIC,Fiorentina,SERBIA,81,79,83,66,21,4,81,76,84,74,72,Attaccante,66,false,69,80,84,77,79,79,78,75,40,78,75,67,1156235
Attaccante,MARILUNGO,Atalanta,ITALY,82,82,81,82,23,7,66,80,78,72,70,Attaccante,81,false,83,79,82,76,78,78,79,80,36,76,76,67,7911067
Attaccante,DIAMANTI,Bologna,ITALY,78,83,85,66,29,3,85,73,82,83,80,Attaccante,67,false,77,83,83,66,86,86,80,67,49,80,76,68,3780664
Attaccante,PASQUATO,Bologna,ITALY,82,78,83,71,23,5,78,73,78,74,74,Attaccante,73,false,80,78,82,72,72,72,76,72,42,74,71,65,5661612
Attaccante,THIAGORIBEIRO,Cagliari,BRAZIL,81,76,80,71,26,5,77,79,82,72,68,Attaccante,76,false,76,79,77,76,75,75,76,73,42,78,71,66,3312518
Attaccante,S.IBARBO,Cagliari,COLOMBIA,89,78,76,75,22,6,73,73,84,75,70,Attaccante,84,false,81,82,79,74,80,80,79,70,42,77,85,69,8309528
Attaccante,A.GÓMEZ,Catania,ARGENTINA,79,81,88,69,24,3,83,77,86,76,72,Attaccante,64,false,81,84,88,71,82,82,81,73,48,79,71,68,9171102
Attaccante,JANKOVIC,Genoa,SERBIA,83,79,79,78,28,5,82,78,84,79,80,Attaccante,81,false,81,82,83,72,86,86,82,74,49,78,78,70,7013624
Attaccante,CASSANO,Inter,ITALY,77,76,82,72,30,5,85,75,93,90,80,Attaccante,76,false,72,93,88,70,78,78,80,74,42,89,80,71,1829687
Attaccante,PALACIO,Inter,ARGENTINA,85,82,84,75,30,6,80,82,84,78,75,Attaccante,73,false,84,83,84,78,79,79,81,76,42,87,74,70,9326020
Attaccante,ANELKA,Juventus,FRANCE,82,77,78,67,33,4,70,83,86,80,75,Attaccante,68,false,64,88,77,74,84,84,79,84,32,88,80,71,689
Attaccante,IAQUINTA,Juventus,ITALY,79,78,71,65,32,3,62,76,75,72,79,Attaccante,63,false,64,79,77,80,85,85,78,79,49,83,85,74,689
Attaccante,VUCINIC,Juventus,MONTENEGRO,82,78,78,63,29,3,78,82,89,84,75,Attaccante,64,false,70,90,82,76,83,83,81,77,41,87,78,71,1373948
Attaccante,QUAGLIARELLA,Juventus,ITALY,82,86,83,68,29,5,73,87,79,75,79,Attaccante,72,false,79,83,82,79,81,81,81,78,44,84,76,71,5060826
Attaccante,GIOVINCO,Juventus,ITALY,78,78,93,63,25,3,88,78,89,87,75,Attaccante,64,false,55,87,90,65,78,78,76,65,41,85,75,67,590
Attaccante,PALLADINO,Parma,ITALY,82,78,83,66,28,5,82,75,87,84,75,Attaccante,67,false,72,85,82,72,75,75,77,76,36,77,74,66,1872617
Attaccante,BIABIANY,Parma,FRANCE,92,78,87,80,24,7,76,72,82,75,78,Attaccante,80,false,83,78,90,78,78,78,81,76,45,78,72,68,9294263
Attaccante,SANSONE,Parma,ITALY,83,80,85,72,20,7,75,84,79,73,71,Attaccante,66,false,86,79,85,73,77,77,80,75,40,76,69,65,11765357
Attaccante,SCULLI,Pescara,ITALY,83,86,81,82,31,5,73,81,77,75,78,Attaccante,85,false,80,78,78,81,77,77,79,81,54,78,76,72,5423707
Attaccante,CAPRARI,Pescara,ITALY,82,77,86,83,19,6,81,69,82,75,70,Attaccante,73,false,81,82,83,66,72,72,76,68,45,73,68,64,6797978
Attaccante,M.ZÁRATE,Lazio,ARGENTINA,85,75,88,76,25,6,78,77,87,82,79,Attaccante,78,false,78,85,88,72,80,80,81,74,35,82,79,68,4707887
Attaccante,G.BARRETO,Lazio,URUGUAY,79,73,79,72,20,6,60,72,80,71,73,Attaccante,76,false,84,78,80,63,74,74,76,73,30,67,73,61,8606731
Attaccante,PANDEV,Napoli,FYROM,81,81,83,75,29,6,82,82,83,79,78,Attaccante,81,false,83,85,83,70,81,81,81,78,42,83,78,70,9666948
Attaccante,L.INSIGNE,Napoli,ITALY,82,79,88,70,21,4,83,76,86,79,71,Attaccante,71,false,75,86,88,70,76,76,79,73,40,79,76,67,2858028
Attaccante,R.INSIGNE,Napoli,ITALY,78,76,82,70,18,6,79,68,81,73,67,Attaccante,65,false,79,78,81,68,75,75,76,74,39,70,69,63,4850807
Attaccante,BIRSA,Torino,SLOVENIA,77,77,81,81,26,6,83,73,80,76,71,Attaccante,76,false,77,81,78,71,83,83,79,75,43,75,75,67,5090799
Attaccante,D.MENGA,Torino,BELGIUM,89,78,85,78,19,7,66,66,84,72,73,Attaccante,85,false,85,77,89,70,83,83,81,81,34,72,77,66,16855135
Attaccante,N.KABASELE,Torino,BELGIUM,84,77,84,72,18,6,69,70,83,71,66,Attaccante,77,false,81,78,83,71,75,75,77,79,35,72,73,65,6119050
Attaccante,SANSONE,Sampdoria,ITALY,78,80,83,86,25,7,83,69,82,77,73,Attaccante,79,false,88,80,83,69,79,79,80,71,44,76,71,66,27986886
Attaccante,MICCOLI,Palermo,ITALY,82,78,85,83,33,6,84,76,85,82,81,Attaccante,84,false,84,86,86,73,83,83,83,70,35,86,80,68,10080903
Attaccante,A.HERNÁNDEZ,Palermo,URUGUAY,84,79,78,80,22,5,72,79,78,72,73,Attaccante,82,false,76,78,83,75,81,81,79,82,35,76,79,68,3325165
Attaccante,FABBRINI,Palermo,ITALY,78,78,85,76,22,5,78,72,85,79,72,Attaccante,69,false,72,84,78,66,75,75,75,71,42,76,72,65,1866015
Attaccante,SARDO,Chievo,ITALY,78,82,73,75,33,6,69,76,74,68,70,Attaccante,75,false,89,72,78,73,78,78,78,74,68,66,82,73,22140668
Attaccante,N.FREY,Chievo,FRANCE,77,83,76,78,28,6,65,77,72,67,75,Attaccante,77,false,83,70,76,76,78,78,77,75,73,64,83,74,8378650
Attaccante,SAMPIRISI,Chievo,ITALY,76,82,76,75,19,6,72,74,75,72,71,Attaccante,78,false,75,74,76,72,75,75,75,77,67,67,77,72,2858028
Attaccante,ABATE,Milan,ITALY,89,88,85,78,25,7,75,75,80,72,77,Attaccante,80,false,85,78,87,70,75,75,78,76,65,74,76,73,13306280
Attaccante,DESCIGLIO,Milan,ITALY,82,82,78,72,19,6,77,75,77,74,72,Attaccante,73,false,80,75,79,72,77,77,77,78,70,72,77,74,5466995
Attaccante,ANGELO,Siena,BRAZIL,89,85,84,76,31,6,75,72,80,73,70,Attaccante,78,false,93,77,88,64,78,78,80,76,58,72,68,69,40447307
Attaccante,R.VITIELLO,Siena,ITALY,78,83,77,67,29,5,69,78,72,70,73,Attaccante,74,false,71,71,76,73,76,76,74,79,72,63,75,72,1576093
Attaccante,TOROSIDIS,Roma,GREECE,82,83,74,73,27,5,71,75,77,72,70,Attaccante,69,false,77,75,84,79,75,75,78,79,67,72,80,75,4339229
Attaccante,I.PIRIS,Roma,PARAGUAY,84,86,84,66,23,3,70,76,75,71,71,Attaccante,68,false,59,73,79,72,78,78,73,80,74,68,75,74,636
Attaccante,TOMOVIC,Fiorentina,SERBIA,76,83,74,69,25,3,70,75,72,69,72,Attaccante,68,false,64,72,73,77,75,75,73,82,77,57,83,75,697
Attaccante,RÔMULO,Fiorentina,BRAZIL,81,85,84,69,25,5,72,75,79,73,73,Attaccante,72,false,72,78,83,66,79,79,76,77,64,72,73,72,1862713
Attaccante,SCALONI,Atalanta,ARGENTINA,76,80,73,73,34,6,66,77,76,74,75,Attaccante,83,false,77,75,75,70,80,80,76,73,70,67,77,72,3809892
Attaccante,BELLINI,Atalanta,ITALY,77,78,75,73,32,6,65,79,73,70,77,Attaccante,68,false,79,74,76,71,73,73,74,80,74,65,76,74,4812583
Attaccante,M.MOTTA,Bologna,ITALY,82,83,77,73,26,5,75,76,75,71,76,Attaccante,74,false,77,75,78,72,79,79,77,82,69,65,78,74,3736815
Attaccante,GARICS,Bologna,AUSTRIA,78,83,77,73,28,4,72,75,75,73,77,Attaccante,72,false,79,75,77,72,83,83,78,77,68,69,77,73,4822140
Attaccante,PISANO,Cagliari,ITALY,82,79,76,77,26,6,67,73,75,69,73,Attaccante,73,false,71,74,77,67,73,73,73,74,65,67,72,70,1559478
Attaccante,G.PERICO,Cagliari,ITALY,77,81,73,73,28,6,67,73,69,66,67,Attaccante,73,false,81,68,73,74,77,77,75,78,70,65,78,73,6604984
Attaccante,P.ÁLVAREZ,Catania,ARGENTINA,82,80,78,73,28,6,54,78,76,69,68,Attaccante,72,false,79,78,75,60,75,75,74,74,70,66,75,71,4822140
Attaccante,FERRONETTI,Genoa,ITALY,75,79,74,75,27,4,67,75,72,69,75,Attaccante,71,false,68,70,73,72,75,75,72,77,73,62,78,73,1354406
Attaccante,CASSANI,Genoa,ITALY,80,86,76,71,29,4,79,81,75,72,78,Attaccante,70,false,77,75,79,71,75,75,75,77,73,70,78,75,3736815
Attaccante,E.PISANO,Genoa,ITALY,80,84,73,67,25,5,66,77,75,69,72,Attaccante,70,false,73,71,80,77,80,80,77,81,67,69,79,74,2143116
Attaccante,JAVIERZANETTI,Inter,ARGENTINA,80,82,77,74,39,5,77,80,83,77,82,Attaccante,66,false,69,80,83,72,82,82,78,73,76,72,85,77,1160146
Attaccante,JONATHAN,Inter,BRAZIL,82,84,79,77,26,6,65,76,81,76,75,Attaccante,80,false,80,79,82,67,82,82,79,77,65,73,78,73,5456174
Attaccante,LICHTSTEINER,Juventus,SWITZERLAND,84,93,78,76,28,6,75,83,76,73,75,Attaccante,75,false,84,76,85,76,80,80,80,79,74,76,83,78,10936803
Attaccante,ROSI,Parma,ITALY,85,82,78,75,25,7,72,73,79,73,72,Attaccante,77,false,74,76,85,73,79,79,78,77,66,74,80,74,2484294
Attaccante,ZAURI,Pescara,ITALY,77,78,75,67,34,6,69,75,78,75,76,Attaccante,76,false,73,79,76,68,77,77,75,72,72,69,77,73,2147041
Attaccante,ZANON,Pescara,ITALY,76,83,77,78,29,5,74,75,75,70,72,Attaccante,81,false,74,73,76,71,76,76,74,76,67,67,75,71,2479660
Attaccante,BALZANO,Pescara,ITALY,79,84,78,78,26,7,70,75,74,69,69,Attaccante,75,false,84,73,78,70,77,77,77,75,66,68,75,71,8505764
Attaccante,KONKO,Lazio,FRANCE,84,83,76,73,28,5,73,75,76,73,75,Attaccante,72,false,67,75,81,71,80,80,76,82,66,69,79,74,855
Attaccante,CAVANDA,Lazio,BELGIUM,83,79,73,67,21,5,58,69,74,64,73,Attaccante,66,false,68,73,78,65,79,79,74,78,57,64,77,69,979
Attaccante,MESTO,Napoli,ITALY,83,83,82,69,30,5,76,72,82,72,78,Attaccante,67,false,71,78,83,71,79,79,77,75,67,74,75,73,1681074
Attaccante,GRAVA,Napoli,ITALY,79,77,76,72,35,6,70,81,75,72,76,Attaccante,72,false,78,75,76,71,75,75,75,76,76,64,73,72,4273328
Attaccante,ZUNIGA,Napoli,COLOMBIA,88,87,86,66,26,5,74,79,83,73,75,Attaccante,76,false,70,81,88,72,78,78,78,76,70,76,83,76,1334510
Attaccante,D'AMBROSIO,Torino,ITALY,81,83,77,64,24,3,74,79,76,72,73,Attaccante,61,false,73,74,81,79,78,78,77,83,67,70,78,75,2182349
Attaccante,DESILVESTRI,Sampdoria,ITALY,85,83,76,63,24,3,68,77,74,68,75,Attaccante,63,false,63,74,82,71,77,77,74,77,66,71,81,74,678
Attaccante,M.RODRÍGUEZ,Sampdoria,ARGENTINA,83,86,80,68,26,3,66,74,75,69,72,Attaccante,66,false,68,73,81,71,79,79,75,82,68,71,76,74,1050620
Attaccante,BERARDI,Sampdoria,SWITZERLAND,77,83,76,72,24,4,69,76,72,67,75,Attaccante,70,false,71,71,76,70,73,73,72,76,69,65,76,72,1581631
Attaccante,NÉLSON,Palermo,PORTUGAL,85,83,84,65,29,4,67,68,79,69,73,Attaccante,64,false,72,75,83,55,78,78,74,82,59,71,72,71,2637527
Attaccante,MORGANELLA,Palermo,SWITZERLAND,83,85,76,66,23,3,71,75,73,72,77,Attaccante,66,false,67,72,81,70,76,76,74,78,68,66,79,73,857
Attaccante,BASTA,Udinese,SERBIA,84,88,76,73,28,5,76,75,81,75,79,Attaccante,77,false,74,77,86,77,80,80,79,83,68,76,80,77,2493561
Attaccante,FARAONI,Udinese,ITALY,83,82,76,80,20,6,75,75,76,72,72,Attaccante,85,false,78,76,80,71,75,75,76,77,65,69,78,72,4382298
Attaccante,K.P.BOATENG,Milan,GHANA,85,87,77,72,25,4,73,83,82,78,85,Attaccante,70,false,77,85,85,75,90,90,84,85,65,80,88,80,3824503
Attaccante,ROSINA,Siena,ITALY,82,77,87,79,28,6,82,74,86,80,78,Attaccante,78,false,81,85,86,69,81,81,81,72,40,76,73,65,6082499
Attaccante,PJANIC,Roma,BOSNIAANDHERZEGOVINA,76,83,86,76,22,4,83,75,86,88,82,Attaccante,78,false,80,85,83,67,84,84,81,72,48,79,69,67,5402061
Attaccante,TAXTSIDIS,Roma,GREECE,77,82,71,78,21,5,76,75,79,82,75,Attaccante,78,false,81,82,75,72,79,79,78,69,62,72,84,72,6386762
Attaccante,MARQUINHO,Roma,BRAZIL,82,84,84,73,26,6,76,73,82,78,76,Attaccante,80,false,77,80,82,72,84,84,80,73,51,76,77,69,3846416
Attaccante,FLORENZI,Roma,ITALY,78,83,85,72,21,6,78,81,78,78,75,Attaccante,72,false,69,80,78,76,76,76,76,76,55,74,73,70,1171873
Attaccante,MATÍASF.,Fiorentina,CHILE,79,73,85,70,26,5,81,68,85,82,74,Attaccante,68,false,76,85,86,64,82,82,79,72,48,73,72,66,3280894
Attaccante,M.VECINO,Fiorentina,URUGUAY,79,81,74,65,21,6,73,74,76,75,73,Attaccante,65,false,83,76,76,70,81,81,78,72,48,72,81,68,8001892
Attaccante,WOLSKI,Fiorentina,POLAND,78,73,78,73,19,5,75,71,83,75,74,Attaccante,75,false,76,85,76,65,81,81,77,72,42,72,73,65,3306194
Attaccante,BRIENZA,Atalanta,ITALY,79,82,85,74,33,6,80,75,84,79,77,Attaccante,75,false,80,82,83,66,77,77,78,75,46,78,76,69,5445351
Attaccante,M.MORALEZ,Atalanta,ARGENTINA,78,80,88,67,25,4,80,69,87,83,74,Attaccante,68,false,81,86,87,60,78,78,78,70,44,78,76,67,6192131
Attaccante,BONAVENTURA,Atalanta,ITALY,76,82,79,76,23,6,77,75,83,80,75,Attaccante,80,false,74,84,78,72,77,77,77,75,47,74,75,68,2484294
Attaccante,KONE,Bologna,GREECE,77,83,76,70,25,5,77,79,79,78,77,Attaccante,67,false,70,82,75,80,83,83,79,73,49,76,78,69,1348434
Attaccante,COSSU,Cagliari,ITALY,77,80,86,74,32,6,87,76,85,86,78,Attaccante,73,false,81,87,82,69,76,76,79,71,49,78,73,68,6338148
Attaccante,RICCHIUTI,Catania,ARGENTINA,77,84,83,69,34,5,74,79,80,77,76,Attaccante,80,false,75,82,79,67,74,74,75,73,63,73,73,71,2896062
Attaccante,RUBENOLIVERA,Genoa,URUGUAY,79,78,76,69,29,5,79,72,82,77,79,Attaccante,75,false,75,82,77,72,81,81,78,75,50,75,81,70,2863462
Attaccante,C.JORQUERA,Genoa,CHILE,73,82,80,72,24,5,77,72,82,82,80,Attaccante,72,false,80,78,74,67,75,75,75,73,46,72,67,65,5531908
Attaccante,M.RIGONI,Genoa,ITALY,76,82,82,71,32,5,83,73,83,81,76,Attaccante,71,false,74,83,75,72,76,76,76,73,49,74,72,67,2488927
Attaccante,DEJANSTANKOVIC,Inter,SERBIA,77,82,75,68,34,4,76,77,82,81,82,Attaccante,65,false,78,84,76,81,86,86,82,79,64,79,78,75,4399052
Attaccante,R.ÁLVAREZ,Inter,ARGENTINA,83,79,80,72,24,6,80,72,87,80,77,Attaccante,72,false,80,84,83,69,83,83,80,75,53,77,82,72,5423707
Attaccante,KOVACIC,Inter,CROATIA,79,76,85,72,18,5,76,70,85,82,73,Attaccante,72,false,77,84,80,75,75,75,78,76,52,72,72,68,3780664
Attaccante,NINIS,Parma,GREECE,76,75,85,67,22,4,75,72,84,83,75,Attaccante,73,false,72,83,85,65,75,75,76,68,43,75,71,64,1826384
Attaccante,F.BONIPERTI,Parma,ITALY,77,77,78,70,21,5,70,70,77,72,69,Attaccante,69,false,70,76,78,70,73,73,73,72,49,67,71,65,1452510
Attaccante,J.Quintero,Pescara,Colombia,77,78,86,67,19,3,84,72,86,83,70,Attaccante,61,false,70,83,76,63,81,81,76,69,46,73,67,64,1336831
Attaccante,MAURI,Lazio,ITALY,77,77,73,72,32,4,76,82,81,79,77,Attaccante,78,false,72,82,73,76,79,79,77,71,60,76,79,72,1829687
Attaccante,EDERSON,Lazio,BRAZIL,78,79,85,69,26,4,75,79,85,81,83,Attaccante,70,false,61,85,86,68,78,78,76,77,47,79,73,69,663
Attaccante,HERNANES,Lazio,BRAZIL,78,84,78,74,27,6,82,74,85,83,82,Attaccante,79,false,81,85,78,69,84,84,80,74,63,80,78,74,6033757
Attaccante,CANDREVA,Lazio,ITALY,79,85,80,71,25,4,78,80,83,82,83,Attaccante,65,false,66,84,83,72,86,86,80,76,65,77,77,74,766
Attaccante,HAMSIK,Napoli,SLOVAKIA,78,85,79,82,25,6,83,85,84,86,86,Attaccante,72,false,82,86,84,76,82,82,82,77,65,84,78,76,9059512
Attaccante,O.ELKADDOURI,Napoli,MOROCCO,82,78,78,66,22,6,77,73,84,77,71,Attaccante,72,false,81,83,76,70,77,77,77,72,44,72,79,67,6045942
Attaccante,G.FORNITO,Napoli,ITALY,77,76,76,80,18,6,72,72,76,73,67,Attaccante,78,false,77,75,73,71,73,73,74,75,42,67,70,64,3780664
Attaccante,A.STEVANOVIC,Torino,SERBIA,84,80,82,75,21,7,75,74,84,74,73,Attaccante,73,false,84,81,79,69,78,78,78,73,43,73,76,66,8337315
Attaccante,N.VIOLA,Palermo,ITALY,75,80,77,75,22,7,75,73,80,77,75,Attaccante,80,false,77,82,76,72,76,76,77,75,52,70,76,68,3795279
Attaccante,FÓRMICA,Palermo,ARGENTINA,78,80,83,78,24,5,78,77,82,80,71,Attaccante,66,false,77,80,80,66,77,77,76,75,48,75,73,68,3787971
Attaccante,J.ILICIC,Palermo,SLOVENIA,78,79,76,75,24,6,81,83,85,81,79,Attaccante,75,false,85,83,83,75,85,85,83,75,42,78,82,69,9640045
Attaccante,SANSEVERINO,Palermo,ITALY,77,75,78,66,18,4,72,73,75,73,70,Attaccante,68,false,80,76,72,69,76,76,75,72,46,68,67,63,5618400
Attaccante,LAZZARI,Udinese,ITALY,78,82,79,82,27,6,78,78,82,82,81,Attaccante,87,false,71,83,78,75,82,82,79,79,59,76,78,73,1714044
Attaccante,A.MERKEL,Udinese,GERMANY,73,83,77,76,20,6,76,76,82,82,77,Attaccante,75,false,79,83,76,75,73,73,77,73,64,73,75,71,4812583
Attaccante,MAICOSUEL,Udinese,BRAZIL,84,79,79,68,26,5,73,72,81,76,76,Attaccante,70,false,70,81,83,66,77,77,76,81,43,76,75,69,1336831
Attaccante,ZIELINSKI,Udinese,POLAND,77,75,77,75,18,6,71,70,75,72,66,Attaccante,68,false,79,75,75,66,73,73,74,69,42,67,68,62,4803027
Attaccante,DRAMÉ,Chievo,SENEGAL,84,83,73,69,27,5,68,74,75,67,70,Attaccante,67,false,70,72,81,72,84,84,77,83,72,64,78,74,1514308
Attaccante,JOKIC,Chievo,SLOVENIA,77,82,80,72,26,5,76,76,78,72,69,Attaccante,65,false,76,77,82,67,73,73,75,75,67,70,73,71,3312518
Attaccante,SPIROPOULOS,Chievo,GREECE,80,81,78,75,28,6,75,72,75,72,74,Attaccante,75,false,77,73,78,70,78,78,76,72,65,67,75,70,3773356
Attaccante,ANTONINI,Milan,ITALY,80,83,77,70,30,5,76,75,75,73,78,Attaccante,68,false,71,76,84,71,75,75,75,76,66,72,75,72,1559478
Attaccante,DÍDAC,Milan,SPAIN,82,83,73,68,23,4,74,73,75,75,74,Attaccante,67,false,71,76,77,72,79,79,76,71,64,70,79,71,1567786
Attaccante,GRILLO,Siena,ITALY,76,82,77,71,25,6,69,75,73,69,73,Attaccante,73,false,77,73,75,71,76,76,75,77,67,64,75,71,3751432
Attaccante,RUBIN,Siena,ITALY,78,83,72,75,25,5,76,72,75,72,72,Attaccante,76,false,78,73,78,70,77,77,76,72,69,67,77,71,4608024
Attaccante,BALZARETTI,Roma,ITALY,78,87,79,69,30,5,78,78,77,74,75,Attaccante,72,false,75,76,83,73,79,79,78,79,71,72,76,75,2901495
Attaccante,DODÔ,Roma,BRAZIL,83,78,81,68,20,5,79,72,82,73,70,Attaccante,70,false,74,78,83,66,77,77,76,76,59,70,73,70,2475025
Attaccante,PASQUALACF,Fiorentina,ITALY,80,83,79,70,30,5,88,75,76,74,76,Attaccante,71,false,70,76,78,68,78,78,75,74,68,73,76,73,1334510
Attaccante,ASHONG,Fiorentina,GHANA,80,75,76,63,17,3,63,73,68,65,66,Attaccante,65,false,60,67,74,67,72,72,69,78,63,63,70,69,647
Attaccante,DELGROSSO,Atalanta,ITALY,83,85,79,70,29,5,83,78,76,70,73,Attaccante,72,false,69,76,81,69,79,79,76,76,70,68,74,72,1166011
Attaccante,BRIVIO,Atalanta,ITALY,78,83,76,68,24,4,73,75,75,69,72,Attaccante,65,false,61,74,77,72,83,83,75,76,69,66,78,72,657
Attaccante,M.ABERO,Bologna,URUGUAY,80,75,67,80,22,6,58,70,73,70,73,Attaccante,84,false,76,69,77,63,83,83,75,70,55,65,81,68,3293544
Attaccante,A.MORLEO,Bologna,ITALY,83,85,85,84,29,7,80,72,77,72,75,Attaccante,83,false,76,75,84,72,81,81,78,75,66,69,75,71,5587404
Attaccante,DANILOAVELAR,Cagliari,BRAZIL,76,83,76,74,23,6,75,75,75,74,72,Attaccante,77,false,81,75,76,70,78,78,76,76,68,66,76,72,6070314
Attaccante,CAPUANO,Catania,ITALY,79,83,75,77,31,6,75,79,76,71,73,Attaccante,76,false,80,75,78,69,79,79,77,76,70,69,77,73,5715587
Attaccante,MORETTI,Genoa,ITALY,76,79,75,73,31,6,74,76,75,68,75,Attaccante,79,false,77,74,73,76,74,74,75,78,80,67,79,76,3802586
Attaccante,ANTONELLI,Genoa,ITALY,79,86,76,73,25,5,76,75,76,72,75,Attaccante,62,false,80,75,82,70,75,75,76,77,68,72,79,74,5402061
Attaccante,NAGATOMO,Inter,JAPAN,83,98,88,77,26,6,66,83,74,70,78,Attaccante,76,false,86,74,78,75,77,77,78,84,73,68,83,77,11745242
Attaccante,ALVAROPEREIRA,Inter,URUGUAY,83,81,78,79,26,6,70,80,78,73,71,Attaccante,75,false,84,77,84,66,79,79,78,78,62,73,77,73,9408955
Attaccante,DECEGLIE,Juventus,ITALY,83,83,75,68,26,4,81,72,76,72,78,Attaccante,67,false,67,76,84,76,79,79,77,79,67,72,80,75,855
Attaccante,PELUSO,Juventus,ITALY,82,84,75,68,28,4,76,77,76,71,73,Attaccante,73,false,78,74,83,77,82,82,79,82,77,69,81,77,4273328
Attaccante,GOBBI,Parma,ITALY,78,82,74,76,31,6,72,77,75,75,79,Attaccante,81,false,80,76,80,70,79,79,77,72,70,70,79,73,5553538
Attaccante,D.MESBAH,Parma,ALGERIA,81,83,78,68,27,5,79,76,78,73,73,Attaccante,73,false,70,77,82,70,79,79,76,79,59,73,77,72,1385535
Attaccante,Á.AMPUERO,Parma,PERU,79,81,75,70,20,6,78,72,76,73,70,Attaccante,70,false,80,75,79,71,77,77,77,77,66,68,76,72,5531908
Attaccante,BOCCHETTI,Pescara,ITALY,74,78,68,70,32,4,75,71,72,69,71,Attaccante,73,false,76,73,76,71,77,77,75,76,73,64,76,72,3287219
Attaccante,RADU,Lazio,ROMANIA,79,80,75,71,25,5,62,80,72,71,74,Attaccante,72,false,73,73,74,72,78,78,75,78,73,65,78,74,2217629
Attaccante,ARMERO,Napoli,COLOMBIA,90,92,87,69,25,5,77,75,84,75,79,Attaccante,72,false,77,82,89,69,87,87,82,83,67,77,80,77,3736815
Attaccante,S.MASIELLO,Torino,ITALY,78,80,78,72,30,4,76,73,77,75,72,Attaccante,72,false,74,77,77,68,77,77,75,76,65,71,73,71,2752007
Attaccante,CACERES,Torino,URUGUAY,75,81,75,77,27,6,63,75,72,68,70,Attaccante,77,false,81,72,75,76,75,75,76,77,68,66,78,72,6119050
Attaccante,CASTELLINI,Sampdoria,ITALY,78,80,73,66,33,4,78,73,76,73,79,Attaccante,65,false,77,75,78,67,82,82,77,76,68,71,79,74,3780664
Attaccante,ANDREACOSTA,Sampdoria,ITALY,77,81,75,68,26,6,70,77,73,72,72,Attaccante,76,false,70,73,76,75,75,75,74,79,78,65,77,75,1399427
Attaccante,SIMONPOULSEN,Sampdoria,DENMARK,85,82,78,71,27,4,66,70,77,71,76,Attaccante,69,false,71,74,84,68,82,82,77,75,61,73,83,73,1562247
Attaccante,DOSSENA,Palermo,ITALY,82,86,79,67,31,5,85,75,77,72,75,Attaccante,75,false,66,76,84,72,80,80,76,76,68,71,77,73,764
Attaccante,S.GARCÍA,Palermo,ARGENTINA,76,82,74,67,24,5,69,78,74,72,70,Attaccante,72,false,73,73,78,73,80,80,76,77,75,59,85,74,2150964
Attaccante,PASQUALE,Udinese,ITALY,84,84,75,68,30,4,76,75,76,70,76,Attaccante,65,false,76,76,80,71,77,77,76,78,67,72,76,73,3306194
Attaccante,GABRIELSILVA,Udinese,BRAZIL,84,82,76,66,21,4,72,70,76,67,67,Attaccante,66,false,58,76,82,68,76,76,73,77,59,70,77,71,623
